is,103.465333082,12,full,51.0592355707,4.03698473001,0.148891236307,0.055761308549,-0.177641074408,-0.177641074408,2.02262879468,12.337594525,-69.45242532,0.0175438596491,0.057633157287,-0.142172940388,-0.142172940388,0.350727849906,-33.9253,18.4239,0.00877192982456,1e-06,-3.33214846365e-27,-3.33214846365e-27,1e-06,53.1779620159,6.25274979993,0.140302329788,0.00796243020148,-0.014450995113,-0.014450995113,0.146159987267,38.78777778,-9.39055556,0.00877192982456,1e-06,-1.81753552563e-27,-1.81753552563e-27,1e-06,5.688185,-55.070625,0.00877192982456,1e-06,-1.50199116354e-27,-1.50199116354e-27,1e-06,18.06972585,-63.044529605,0.0175438596491,0.000325462765122,0.000432792855601,0.000432792855601,0.000578291683341,51.8121123478,5.11168515753,0.187907885864,0.0909669397596,-0.114907410485,-0.114907410485,0.337860975412,46.841171725,12.049416645,0.0175438596491,0.302979199338,0.323061816877,0.323061816877,0.344477723909,52.2070473281,6.14662902866,0.126276872136,0.059055652698,-0.0224393875201,-0.0224393875201,0.169073109662,50.8356890216,4.36298562782,0.149110618571,8.44202216209e-05,-0.000195643150568,-0.000195643150568,0.000459848213849,52.3136423283,4.83215320192,0.168563688912,0.0277251968682,0.0300483893954,0.0300483893954,0.0327618627466
voor,71.2284246924,3,full,52.0378172016,5.39370474895,0.95,0.403202794763,0.489273617789,0.489273617789,1.16674566816,-34.6033,-58.3817,0.025,1e-06,9.99644539096e-27,9.99644539096e-27,1e-06,38.78777778,-9.39055556,0.025,1e-06,-1.81753552563e-27,-1.81753552563e-27,1e-06
heel,65.909209225,10,full,51.4441697,5.4603078,0.133333333333,7.26200576e-06,-1.810786688e-05,-1.810786688e-05,5.336259044e-05,52.43652014,-0.28696064,0.0666666666667,1e-06,-6.94197596594e-29,-6.94197596594e-29,1e-06,53.00127451,6.5079483,0.0666666666667,1e-06,1.71656132976e-27,1.71656132976e-27,1e-06,52.10333333,5.17916667,0.0666666666667,1e-06,1.31266454629e-27,1.31266454629e-27,1e-06,51.1802619,5.8673823,0.333333333333,1e-06,3.78653234506e-29,3.78653234506e-29,1e-06,53.41380462,5.3432481,0.0666666666667,1e-06,1.39470608043e-27,1.39470608043e-27,1e-06,52.30507,4.62912,0.0666666666667,1e-06,1.21169035042e-27,1.21169035042e-27,1e-06,52.2991418,5.6060895,0.0666666666667,1e-06,1.41363874216e-27,1.41363874216e-27,1e-06,52.0833,4.3167,0.0666666666667,1e-06,1.11071615455e-27,1.11071615455e-27,1e-06,51.65432751,5.29585063,0.0666666666667,1e-06,1.31266454629e-27,1.31266454629e-27,1e-06
was,109.487812415,11,full,51.9115639747,6.17006554449,0.130439229853,0.00800118608037,0.00180049196621,0.00180049196621,0.0558114045821,6.80692852,-58.16297931,0.0434782608696,1e-06,-5.11181866583e-28,-5.11181866583e-28,1e-06,12.55383848,-69.97594161,0.0217391304348,1e-06,-4.4428646182e-27,-4.4428646182e-27,1e-06,52.3510878005,4.86969023636,0.304235559886,0.0147717269083,0.0137110019631,0.0137110019631,0.0128510358712,47.39160628,12.63633804,0.0217391304348,1e-06,3.02922587605e-27,3.02922587605e-27,1e-06,53.1730400133,6.64017272556,0.195652173913,0.00380957168362,-0.00141915109898,-0.00141915109898,0.00760886097704,50.7048765,3.0897351,0.0434782608696,0.0203176538323,0.0270356248912,0.0270356248912,0.03597764356,51.5223941148,5.29378424251,0.130542601577,0.155752957834,-0.165957469015,-0.165957469015,0.187921836998,53.20563054,5.78798556667,0.0652173913043,0.00550195643804,-0.00157321209314,-0.00157321209314,0.000450955782355,51.0879,4.36691,0.0217391304348,1e-06,1.11071615455e-27,1.11071615455e-27,1e-06,52.2991418,5.6060895,0.0217391304235,1e-06,1.50199116354e-27,1.50199116354e-27,1e-06
voorbij,160.645655664,4,full,51.83917055,6.23991325,0.4,1.0000075625e-06,-1.42037500009e-10,-1.42037500009e-10,1.0026677225e-06,47.39160628,12.63633804,0.2,1e-06,3.02922587605e-27,3.02922587605e-27,1e-06,51.50338953,-0.11898719,0.2,1e-06,-2.99767143984e-29,-2.99767143984e-29,1e-06,53.25666625,5.77312125,0.2,1e-06,1.50199116354e-27,1.50199116354e-27,1e-06
na,3885.71558913,10,full,12.52408,-70.0427066667,0.25,4.14944526669e-05,-3.54713753338e-05,-3.54713753338e-05,3.38060008898e-05,52.3731,4.8932,0.0833333333333,1e-06,1.21169035042e-27,1.21169035042e-27,1e-06,50.83481523,3.19524062,0.0833333333333,1e-06,8.07793566946e-28,8.07793566946e-28,1e-06,52.33817,6.64777,0.0833333333333,1e-06,1.71656132976e-27,1.71656132976e-27,1e-06,51.4416673,5.467544,0.0833333333333,1e-06,1.41363874216e-27,1.41363874216e-27,1e-06,52.94071,4.78,0.0833333333333,1e-06,1.28742099732e-27,1.28742099732e-27,1e-06,51.1955309,3.49046738,0.0833333333333,1e-06,8.5828066488e-28,8.5828066488e-28,1e-06,12.433894,-69.891502,0.0833333333333,1e-06,-4.4428646182e-27,-4.4428646182e-27,1e-06,12.54074,-70.017754,0.0833333333333,1e-06,-4.4428646182e-27,-4.4428646182e-27,1e-06,12.510911,-70.018913,0.0833333333329,1e-06,-4.16518557957e-27,-4.16518557957e-27,1e-06
toch,100.560247385,5,full,50.56234,2.90006,0.166666666667,1e-06,7.57306469012e-28,7.57306469012e-28,1e-06,51.8391623,6.2400682,0.166666666667,1e-06,1.61558713389e-27,1.61558713389e-27,1e-06,51.1960897,4.42038406,0.166666666667,1e-06,1.11071615455e-27,1.11071615455e-27,1e-06,52.6654,5.07401,0.166666666667,1e-06,1.31266454629e-27,1.31266454629e-27,1e-06,50.959577665,5.77588229,0.333333333333,1.00031205222e-06,-1.54939714981e-09,-1.54939714981e-09,1.0076930441e-06
tijdens,36.5870132217,6,full,53.25947073,5.77281395,0.142857142857,1e-06,1.50199116354e-27,1.50199116354e-27,1e-06,52.24950851,6.21280217,0.285714285714,1e-06,4.03896783473e-28,4.03896783473e-28,1e-06,52.51087,5.47632,0.142857142857,1e-06,1.41363874216e-27,1.41363874216e-27,1e-06,51.9779892,5.9095602,0.142857142857,1e-06,1.51461293802e-27,1.51461293802e-27,1e-06,52.29626543,5.14654757,0.142857142857,1e-06,1.31266454629e-27,1.31266454629e-27,1e-06,52.06319,6.18724,0.142857142857,1e-06,1.51461293802e-27,1.51461293802e-27,1e-06
dit,160.56512128,7,full,52.2833,5.25,0.125,1e-06,1.31266454629e-27,1.31266454629e-27,1e-06,50.84599683,4.35196297,0.25,1.0007011904e-06,-1.89199599993e-09,-1.89199599993e-09,1.0051051025e-06,52.15,6.23333,0.125,1e-06,1.61558713389e-27,1.61558713389e-27,1e-06,51.9239,4.4863799,0.125,1e-06,1.11071615455e-27,1.11071615455e-27,1e-06,52.2162812,6.7437706,0.125,1e-06,1.71656132976e-27,1.71656132976e-27,1e-06,52.20496,5.92538,0.125,1e-06,1.51461293802e-27,1.51461293802e-27,1e-06,52.03096962,5.38273118,0.125,1e-06,1.31266454629e-27,1.31266454629e-27,1e-06
ben,86.3814196918,5,full,52.250833335,4.950056665,0.333333333333,0.0134183614972,-0.00772878641537,-0.00772878641537,0.00445300343352,50.952597,3.102407,0.166666666667,1e-06,8.07793566946e-28,8.07793566946e-28,1e-06,53.2,5.78333,0.166666666667,1e-06,1.50199116354e-27,1.50199116354e-27,1e-06,51.56878007,5.04024253,0.166666666667,1e-06,1.31266454629e-27,1.31266454629e-27,1e-06,51.4313809,5.4247519,0.166666666667,1e-06,1.41363874216e-27,1.41363874216e-27,1e-06
meer,102.538128321,8,full,52.0046786,4.4860124,0.1,1e-06,1.11071615455e-27,1.11071615455e-27,1e-06,5.61762136,-0.23704262,0.1,1e-06,-6.55740627465e-30,-6.55740627465e-30,1e-06,48.8567,2.3508,0.1,1e-06,5.67979851759e-28,5.67979851759e-28,1e-06,51.02743727,4.49813069,0.2,1e-06,3.02922587605e-28,3.02922587605e-28,1e-06,51.8924922,4.3799402,0.1,1e-06,1.11071615455e-27,1.11071615455e-27,1e-06,51.89022219,4.493155115,0.2,1.0013549761e-06,2.46619085857e-07,2.46619085857e-07,4.58871190462e-05,52.15,4.5,0.1,1e-06,1.11071615455e-27,1.11071615455e-27,1e-06,52.07274989,4.37227411,0.1,1e-06,1.11071615455e-27,1.11071615455e-27,1e-06
uit,94.6953301932,9,full,51.23382113,4.411853415,0.2,8.787358436e-05,6.5430378985e-05,6.5430378985e-05,5.02800490006e-05,40.42003642,-3.71039538,0.1,1e-06,-7.79394574358e-28,-7.79394574358e-28,1e-06,51.42298337,5.500237,0.1,1e-06,1.41363874216e-27,1.41363874216e-27,1e-06,53.21419,6.5756,0.1,1e-06,1.71656132976e-27,1.71656132976e-27,1e-06,51.8845055,4.6055061,0.1,1e-06,1.21169035042e-27,1.21169035042e-27,1e-06,51.88973605,5.40588921,0.1,1e-06,1.41363874216e-27,1.41363874216e-27,1e-06,50.8883438,5.7565095,0.1,1e-06,1.41363874216e-27,1.41363874216e-27,1e-06,52.03662908,4.37405622,0.1,1e-06,1.11071615455e-27,1.11071615455e-27,1e-06,52.1119,5.1825,0.1,1e-06,1.31266454629e-27,1.31266454629e-27,1e-06
der,150.367399306,5,full,50.97201314,4.08692783,0.333333333333,0.00715530757226,-0.0309381586632,-0.0309381586632,0.133790280347,53.099525,5.64724167,0.166666666667,1e-06,1.50199116354e-27,1.50199116354e-27,1e-06,50.7912345,6.086752,0.166666666667,1e-06,1.51461293802e-27,1.51461293802e-27,1e-06,53.3675423,7.2016053,0.166666666667,1e-06,1.93113149598e-27,1.93113149598e-27,1e-06,52.3665619,4.6093999,0.166666666667,1e-06,1.21169035042e-27,1.21169035042e-27,1e-06
onze,60.7990800275,4,full,52.373044165,4.891076665,0.4,1.00311754723e-06,6.27214097264e-08,6.27214097264e-08,2.26188152222e-06,51.9779892,5.9095602,0.2,1e-06,1.51461293802e-27,1.51461293802e-27,1e-06,51.58172542,4.32465555,0.2,1e-06,1.11071615455e-27,1.11071615455e-27,1e-06,51.82846,4.97678,0.2,1e-06,1.21169035042e-27,1.21169035042e-27,1e-06
mijn,173.404379989,12,full,51.13991351,4.27028114667,0.2,0.00653641004291,0.00285687733028,0.00285687733028,0.0117680626373,-7.56316,110.84282,0.0666666666667,1e-06,-4.07683315818e-27,-4.07683315818e-27,1e-06,25.9145555,34.40454151,0.0666666666667,1e-06,4.4428646182e-27,4.4428646182e-27,1e-06,52.70885,5.73062,0.0666666666667,1e-06,1.41363874216e-27,1.41363874216e-27,1e-06,53.216362865,6.571798705,0.133333333333,5.72134230822e-06,-8.25970086017e-06,-8.25970086017e-06,1.5449843677e-05,50.81816182,3.17437677,0.0666666666667,1e-06,8.07793566946e-28,8.07793566946e-28,1e-06,51.9262362,6.5861984,0.0666666666667,1e-06,1.61558713389e-27,1.61558713389e-27,1e-06,52.30507,4.62912,0.0666666666667,1e-06,1.21169035042e-27,1.21169035042e-27,1e-06,51.99797123,5.97116528,0.0666666666667,1e-06,1.51461293802e-27,1.51461293802e-27,1e-06,52.49348,5.06322,0.0666666666667,1e-06,1.31266454629e-27,1.31266454629e-27,1e-06,53.0667,6.0,0.0666666666667,1e-06,1.60927624665e-27,1.60927624665e-27,1e-06,52.51087,5.47632,0.0666666666667,1e-06,1.41363874216e-27,1.41363874216e-27,1e-06
we,138.877690834,12,full,50.9907426385,3.45455278358,0.171429338981,0.0176095523768,0.00595971211866,0.00595971211866,0.0418339775429,12.14945767,-68.98199326,0.0571428571429,2.8994681e-05,8.49856293e-05,8.49856293e-05,0.00025899748129,38.69727757,-9.20372153,0.0571428571429,1e-06,-4.54383881407e-28,-4.54383881407e-28,1e-06,5.82843542,-55.16078523,0.0571428571429,1e-06,-3.97585896231e-28,-3.97585896231e-28,1e-06,52.4850140922,4.8953465308,0.228580864323,0.0182697638551,0.00781837465115,0.00781837465115,0.0135545457014,18.03802942,-63.0949149,0.0285714285714,1e-06,-5.55358077276e-27,-5.55358077276e-27,1e-06,53.157378335,6.197158615,0.0571428571429,0.00320742629885,0.0214709142908,0.0214709142908,0.14377482092,51.0421279453,4.38141908403,0.114288184319,0.0749093477543,-0.0121378069641,-0.0121378069641,0.00447907895336,52.1093896444,4.38184024437,0.114273040953,0.00175588557598,0.00518342367519,0.00518342367519,0.0153645282573,52.3546,6.66479,0.0285714285714,1e-06,1.71656132976e-27,1.71656132976e-27,1e-06,12.55383848,-69.97594161,0.0285714285714,1e-06,-4.4428646182e-27,-4.4428646182e-27,1e-06,52.47968003,5.602289725,0.0571428571385,0.0325950524915,-0.000686004652898,-0.000686004652898,1.54382900506e-05
maar,116.011617996,12,full,53.11411161,6.60414371714,0.318181818182,0.00912704872508,-0.00100333792126,-0.00100333792126,0.00164111768814,51.22450053,4.40483344,0.0454545454545,1e-06,1.11071615455e-27,1.11071615455e-27,1e-06,47.39160628,12.63633804,0.0454545454545,1e-06,3.02922587605e-27,3.02922587605e-27,1e-06,51.50338953,-0.11898719,0.0454545454545,1e-06,-2.99767143984e-29,-2.99767143984e-29,1e-06,52.533007605,5.189710215,0.0909090909091,0.0175287462538,-0.0153178285659,-0.0153178285659,0.013387539751,51.654324995,5.29589246,0.0909090909091,1.00000632523e-06,-1.05202450085e-10,-1.05202450085e-10,1.0017497489e-06,52.15,6.23333,0.0454545454545,1e-06,1.61558713389e-27,1.61558713389e-27,1e-06,53.25666787,5.77315932,0.0454545454545,1e-06,1.50199116354e-27,1.50199116354e-27,1e-06,50.95956,5.77597,0.0454545454545,1e-06,1.41363874216e-27,1.41363874216e-27,1e-06,51.0271120067,4.49152557333,0.136363636364,1.20178287176e-06,4.17020220778e-06,4.17020220778e-06,8.7193932297e-05,51.7988312,4.66739833,0.0454545454545,1e-06,1.21169035042e-27,1.21169035042e-27,1e-06,52.2162812,6.7437706,0.0454545454545,1e-06,1.71656132976e-27,1.71656132976e-27,1e-06
nog,78.1955240438,12,full,51.7988312,4.66739833,0.047619047619,1e-06,1.21169035042e-27,1.21169035042e-27,1e-06,46.29073717,11.46249525,0.047619047619,1e-06,2.47386779877e-27,2.47386779877e-27,1e-06,53.23794,6.59637,0.047619047619,1e-06,1.71656132976e-27,1.71656132976e-27,1e-06,50.8211205167,3.14851737667,0.142857142857,0.000104853704371,0.000447533239853,0.000447533239853,0.00270766961221,51.75153215,5.52882648,0.0952380952381,1e-06,3.53409685539e-28,3.53409685539e-28,1e-06,52.12106771,5.09593401,0.0952380952381,1e-06,3.02922587605e-28,3.02922587605e-28,1e-06,51.9139339175,4.42085387,0.190476190476,0.000254854854648,5.40247194952e-05,5.40247194952e-05,0.0024494506499,50.93333333,4.38333333,0.047619047619,1e-06,1.11071615455e-27,1.11071615455e-27,1e-06,51.55757416,5.31003143,0.142857142857,0.00468111871141,-0.000681937305902,-0.000681937305902,0.00010036467809,51.88845379,5.85413632,0.047619047619,1e-06,1.51461293802e-27,1.51461293802e-27,1e-06,52.40061521,5.30541043,0.047619047619,1e-06,1.31266454629e-27,1.31266454629e-27,1e-06,50.90649629,3.36846635,0.047619047619,1e-06,8.5828066488e-28,8.5828066488e-28,1e-06
heeft,54.06275775,5,full,51.88973605,5.40588921,0.25,1e-06,3.53409685539e-28,3.53409685539e-28,1e-06,51.58171905,4.3247788,0.125,1e-06,1.11071615455e-27,1.11071615455e-27,1e-06,51.8391678,6.2399649,0.25,1.00003025e-06,-5.68150000032e-10,-5.68150000032e-10,1.01067089e-06,51.1516344,3.608245,0.125,1e-06,9.08767762815e-28,9.08767762815e-28,1e-06,52.04155038,6.10297243,0.25,1e-06,4.03896783473e-28,4.03896783473e-28,1e-06
pas,0.0042577838776,3,full,50.8460346625,4.35206173,0.666666666667,1.00028067177e-06,7.59968325075e-10,7.59968325075e-10,1.0020577483e-06,52.3731,4.8922,0.166666666667,1e-06,1.21169035042e-27,1.21169035042e-27,1e-06,51.65432751,5.29585063,0.166666666667,1e-06,1.31266454629e-27,1.31266454629e-27,1e-06
gewoon,108.023701377,5,full,52.3420403,4.8385153,0.166666666667,1e-06,1.21169035042e-27,1.21169035042e-27,1e-06,51.04854157,4.50467898,0.333333333333,0.000487854075153,0.000579927908615,0.000579927908615,0.00069179503768,52.15,4.5,0.166666666667,1e-06,1.11071615455e-27,1.11071615455e-27,1e-06,52.23992741,5.17168402,0.166666666667,1e-06,1.31266454629e-27,1.31266454629e-27,1e-06,51.8910426,4.4738852,0.166666666667,1e-06,1.11071615455e-27,1.11071615455e-27,1e-06
meest,7.08949042852e-13,1,full,52.21583333,5.99083333,1.0,1e-06,6.31088724177e-30,6.31088724177e-30,1e-06
dus,62.1646096752,4,full,53.21400365,6.5763338,0.5,1e-06,1.89326617253e-28,1.89326617253e-28,1e-06,52.3582875,4.86826469,0.166666666667,1e-06,1.21169035042e-27,1.21169035042e-27,1e-06,50.81816182,3.17437677,0.166666666667,1e-06,8.07793566946e-28,8.07793566946e-28,1e-06,52.40061521,5.30541043,0.166666666667,1e-06,1.31266454629e-27,1.31266454629e-27,1e-06
in,101.894952677,11,full,52.203502465,5.59864982157,0.306738017439,0.688546395668,-0.00929804369691,-0.00929804369691,0.890363289501,12.2202614057,-69.2065009107,0.0309050772627,0.17432255846,-0.211744017875,-0.211744017875,0.529478945309,-26.7234804,27.0946423,0.00220750551876,1e-06,-3.64769282574e-27,-3.64769282574e-27,1e-06,46.8759383,-96.7944779,0.00220750551876,1e-06,-2.27191940704e-26,-2.27191940704e-26,1e-06,-34.6033,-58.3817,0.00220750551876,1e-06,9.99644539096e-27,9.99644539096e-27,1e-06,51.0340244555,4.15564755172,0.376785899514,0.0311246095789,-0.0263756954884,-0.0263756954884,0.488139500087,5.72518590333,-56.1762925383,0.0132450331126,0.517733522928,-0.515796958503,-0.515796958503,4.83479312379,18.064660246,-63.071664836,0.0110375275938,0.000694482394766,0.000495521735388,0.000495521735388,0.0008365577443,50.8298548976,3.24209572959,0.0912748672184,0.000401272916749,0.000671052237103,0.000671052237103,0.00359388217896,40.42003642,-3.71039538,0.00220750551876,1e-06,-7.79394574358e-28,-7.79394574358e-28,1e-06,52.3495846888,4.83100599613,0.161183555785,0.00276151610468,0.00783383594625,0.00783383594625,0.0228617343588
het,76.3418394442,6,full,51.9170706466,5.13430255111,0.773316064154,0.327223702855,0.1686091793,0.1686091793,0.431340490785,-26.7234804,27.0946423,0.0114942528736,1e-06,-3.64769282574e-27,-3.64769282574e-27,1e-06,38.7403925933,-9.21907185333,0.0344827586207,0.00112367795772,-0.00406289372535,-0.00406289372535,0.0147043308261,47.39160628,12.63633804,0.0229885057471,1e-06,7.06819371078e-28,7.06819371078e-28,1e-06,52.8778255479,6.58521654489,0.146224165731,0.163597831793,-0.00282376884689,-0.00282376884689,0.00023241384272,51.50338953,-0.11898719,0.0114942528736,1e-06,-2.99767143984e-29,-2.99767143984e-29,1e-06
wij,121.476055198,5,full,50.828441,3.266297,0.166666666667,1e-06,8.07793566946e-28,8.07793566946e-28,1e-06,51.886247815,5.903367435,0.333333333333,0.00221804572282,-0.0158537289209,-0.0158537289209,0.113368405152,51.24453515,4.44557585,0.166666666667,1e-06,1.11071615455e-27,1.11071615455e-27,1e-06,53.00127451,6.5079483,0.166666666667,1e-06,1.71656132976e-27,1.71656132976e-27,1e-06,51.89542367,4.1600366,0.166666666667,1e-06,1.00974195868e-27,1.00974195868e-27,1e-06
iedereen,61.2318097161,7,full,51.967409145,5.90820916,0.25,0.000191463598731,2.48531317182e-05,2.48531317182e-05,4.2430247056e-06,-34.6033,-58.3817,0.125,1e-06,9.99644539096e-27,9.99644539096e-27,1e-06,25.09174787,55.14582072,0.125,1e-06,6.86624531904e-27,6.86624531904e-27,1e-06,51.9294046,4.4675377,0.125,1e-06,1.11071615455e-27,1.11071615455e-27,1e-06,53.00127451,6.5079483,0.125,1e-06,1.71656132976e-27,1.71656132976e-27,1e-06,51.93333333,5.56666667,0.125,1e-06,1.41363874216e-27,1.41363874216e-27,1e-06,52.09040306,6.15698649,0.125,1e-06,1.51461293802e-27,1.51461293802e-27,1e-06
een,86.7664274481,9,full,51.8105724284,4.4248615497,0.217525453534,0.208544997726,0.142801008793,0.142801008793,0.193068266158,-34.6033,-58.3817,0.0140845070423,1e-06,9.99644539096e-27,9.99644539096e-27,1e-06,25.09174787,55.14582072,0.0140845070423,1e-06,6.86624531904e-27,6.86624531904e-27,1e-06,46.841171725,12.049416645,0.0281690140845,0.302979199338,0.323061816877,0.323061816877,0.344477723909,52.4576218837,6.0032089442,0.193568204473,0.170281755498,-0.0498686357826,-0.0498686357826,0.230816076481,48.8567,2.3508,0.0140845070423,1e-06,5.67979851759e-28,5.67979851759e-28,1e-06,51.6583566649,5.40392151825,0.224557565321,0.172421050915,-0.0593893597345,-0.0593893597345,0.0334777783212,53.1856757803,6.60716851054,0.126546879426,0.00364776556598,-0.00282415631077,-0.00282415631077,0.00263619214048,52.3671386958,4.90959915742,0.167379362033,0.0362947206661,-0.0217416964738,-0.0217416964738,0.0137813501808
om,173.882124965,9,full,50.886190985,3.16370531,0.117647058824,0.0046289672906,-0.000725970513131,-0.000725970513131,0.000114880058532,38.69727757,-9.20372153,0.0588235294118,1e-06,-1.81753552563e-27,-1.81753552563e-27,1e-06,52.512205,6.089741,0.176470588235,1e-06,1.57772181044e-28,1.57772181044e-28,1e-06,50.959577665,5.77588229,0.235294117647,1.00031205222e-06,-1.54939714981e-09,-1.54939714981e-09,1.0076930441e-06,52.03096962,5.38273118,0.0588235294118,1e-06,1.31266454629e-27,1.31266454629e-27,1e-06,51.24314173,4.41887339,0.0588235294118,1e-06,1.11071615455e-27,1.11071615455e-27,1e-06,52.5733685,6.6068483,0.176470588235,1e-06,1.89326617253e-28,1.89326617253e-28,1e-06,52.3420403,4.8385153,0.0588235294118,1e-06,1.21169035042e-27,1.21169035042e-27,1e-06,51.5092,5.31708,0.0588235294118,1e-06,1.31266454629e-27,1.31266454629e-27,1e-06
bij,88.1156204364,12,full,51.9549601172,4.39610578514,0.272710589188,0.0034685991648,-0.00111683695339,-0.00111683695339,0.0022290647801,38.69727757,-9.20372153,0.0606060606061,1e-06,-4.54383881407e-28,-4.54383881407e-28,1e-06,52.291369,6.78346099999,0.0606060606074,0.00399915936315,-0.00750368600498,-0.00750368600498,0.0140838062484,50.84828087,5.69508218,0.030303030303,1e-06,1.41363874216e-27,1.41363874216e-27,1e-06,51.00121185,4.01265474,0.0606060606061,0.0318377331808,-0.00434603496234,-0.00434603496234,0.000594277576144,51.5792719675,5.363442412,0.212137966736,0.0172946409985,-0.0212487624765,-0.0212487624765,0.0551322137305,52.44433009,4.8711086675,0.121212121211,0.0166311486444,-0.00375785452935,-0.00375785452935,0.000877640159163,52.75675676,6.87733209,0.0606060606061,1e-06,4.54383881407e-28,4.54383881407e-28,1e-06,52.61108,6.191461,0.0303030303017,1e-06,1.61558713389e-27,1.61558713389e-27,1e-06,51.3275,6.0942,0.030302959228,1e-06,1.51461293802e-27,1.51461293802e-27,1e-06,50.90649629,3.36846635,0.030303030303,1e-06,8.5828066488e-28,8.5828066488e-28,1e-06,52.161459,6.415206,0.030303030303,1e-06,1.61558713389e-27,1.61558713389e-27,1e-06
over,35.9859365089,7,full,52.36686168,4.9404865,0.111111111111,1e-06,1.21169035042e-27,1.21169035042e-27,1e-06,38.7167,-9.13333,0.111111111111,1e-06,-1.66607423183e-27,-1.66607423183e-27,1e-06,50.40515,4.3471,0.111111111111,1e-06,1.11071615455e-27,1.11071615455e-27,1e-06,51.19287961,3.21715746,0.111111111111,1e-06,8.07793566946e-28,8.07793566946e-28,1e-06,52.15,4.5,0.111111111111,1e-06,1.11071615455e-27,1.11071615455e-27,1e-06,52.08164228,5.12362003,0.111111111111,1e-06,1.31266454629e-27,1.31266454629e-27,1e-06,52.3731,4.8932,0.333333333333,1e-06,1.26217744835e-28,1.26217744835e-28,1e-06
je,178.506134647,11,full,51.7310666533,4.71490081333,0.0882352941176,0.00920587884985,-0.00644380017724,-0.00644380017724,0.00451193239634,12.07575285,-68.8793812,0.0588235294118,1e-06,-1.00974195868e-27,-1.00974195868e-27,1e-06,53.018734686,6.593094379,0.294117647059,1.98838092382e-06,-9.44613965484e-07,-9.44613965484e-07,1.90491192507e-06,45.73333333,5.86666667,0.0294117647059,1e-06,1.32528632077e-27,1.32528632077e-27,1e-06,50.758280075,3.026546925,0.0588235294118,0.038393512991,0.024783857571,0.024783857571,0.015999942196,50.7847509414,4.36019148,0.205882352941,0.0240541196132,0.000924021750553,0.000924021750553,0.000333612084065,52.22856,6.655485,0.0588235294118,0.0158870816,0.0011728022,0.0011728022,8.7583025e-05,52.050819705,5.908996315,0.0588235294118,0.0263636903538,0.00890739328507,0.00890739328507,0.0030106190514,52.449498705,4.96466201,0.0588235294118,0.043921127688,-0.0433858707292,-0.0433858707292,0.0428591126244,51.65432248,5.29593429,0.0294117647059,1e-06,1.31266454629e-27,1.31266454629e-27,1e-06,52.0063,4.43394995,0.0588235294118,0.00679076,-0.00432022788,-0.00432022788,0.002749899657
u,1.32913318823,4,full,51.3340838,3.8273238,0.2,1e-06,9.59254860749e-28,9.59254860749e-28,1e-06,51.9167,4.5,0.4,1e-06,3.02922587605e-28,3.02922587605e-28,1e-06,50.8259607,4.3857116,0.2,1e-06,1.11071615455e-27,1.11071615455e-27,1e-06,51.90709712,4.48844102,0.2,1e-06,1.11071615455e-27,1.11071615455e-27,1e-06
zijn,103.362799587,11,full,53.01905322,6.59283011,0.05,1e-06,1.71656132976e-27,1.71656132976e-27,1e-06,51.4955799,4.2827,0.05,1e-06,1.11071615455e-27,1.11071615455e-27,1e-06,52.11114106,5.1369596,0.2,9.95383802225e-05,-0.000407246672974,-0.000407246672974,0.00168409903485,50.828441,3.266297,0.1,1e-06,2.01948391737e-28,2.01948391737e-28,1e-06,52.640933125,4.90748693,0.1,3.45509726562e-06,0.000238098423481,0.000238098423481,0.0230920848454,50.8883438,5.7565095,0.05,1e-06,1.41363874216e-27,1.41363874216e-27,1e-06,51.1138651333,4.44746526667,0.15,0.00381936040139,-0.00135149261739,-0.00135149261739,0.000479355132269,51.79888853,4.66741212,0.05,1e-06,1.21169035042e-27,1.21169035042e-27,1e-06,53.2138157667,6.57642896333,0.15,1.07060029389e-06,-3.57592085558e-08,-3.57592085558e-08,1.01811212002e-06,51.89542367,4.1600366,0.05,1e-06,1.00974195868e-27,1.00974195868e-27,1e-06,51.88972989,5.40588932,0.05,1e-06,1.41363874216e-27,1.41363874216e-27,1e-06
die,159.412089021,12,full,50.8883438,5.7565095,0.0714285714286,1e-06,1.41363874216e-27,1.41363874216e-27,1e-06,-28.7419,24.7719,0.0714285714286,1e-06,-3.40787911055e-27,-3.40787911055e-27,1e-06,-34.6033,-58.3817,0.0714285714286,1e-06,9.99644539096e-27,9.99644539096e-27,1e-06,53.25667778,5.77315889,0.0714285714286,1e-06,1.50199116354e-27,1.50199116354e-27,1e-06,-26.7234804,27.0946423,0.0714285714286,1e-06,-3.64769282574e-27,-3.64769282574e-27,1e-06,50.88708458,3.43242724,0.0714285714286,1e-06,8.5828066488e-28,8.5828066488e-28,1e-06,53.21400365,6.5763338,0.214285714286,1e-06,1.89326617253e-28,1.89326617253e-28,1e-06,52.40061521,5.30541043,0.0714285714286,1e-06,1.31266454629e-27,1.31266454629e-27,1e-06,51.88973605,5.40588921,0.0714285714286,1e-06,1.41363874216e-27,1.41363874216e-27,1e-06,52.3420403,4.8385153,0.0714285714286,1e-06,1.21169035042e-27,1.21169035042e-27,1e-06,50.7912345,6.086752,0.0714285714286,1e-06,1.51461293802e-27,1.51461293802e-27,1e-06,53.01905322,6.59283011,0.0714285714286,1e-06,1.71656132976e-27,1.71656132976e-27,1e-06
door,56.8588614344,9,full,52.49323157,4.68296286,0.08,1e-06,3.02922587605e-28,3.02922587605e-28,1e-06,52.10121441,5.17798519,0.28,1e-06,2.52435489671e-29,2.52435489671e-29,1e-06,52.21583333,5.99083333,0.36,1e-06,6.31088724177e-30,6.31088724177e-30,1e-06,51.08138162,2.59897647,0.04,1e-06,6.56332273144e-28,6.56332273144e-28,1e-06,53.21400365,6.5763338,0.08,1e-06,4.03896783473e-28,4.03896783473e-28,1e-06,51.79888853,4.66741212,0.04,1e-06,1.21169035042e-27,1.21169035042e-27,1e-06,51.89542367,4.1600366,0.04,1e-06,1.00974195868e-27,1.00974195868e-27,1e-06,52.31530624,4.93492885,0.04,1e-06,1.21169035042e-27,1.21169035042e-27,1e-06,52.16397,6.217232,0.04,1e-06,1.61558713389e-27,1.61558713389e-27,1e-06
niemand,1.53060304067e-12,2,full,-33.9253,18.4239,0.8,1e-06,-1.00974195868e-28,-1.00974195868e-28,1e-06,50.7912345,6.086752,0.2,1e-06,1.51461293802e-27,1.51461293802e-27,1e-06
en,58.6938875966,12,full,51.9773193589,4.51149820663,0.176271094997,0.0446764675771,-0.0266554090425,-0.0266554090425,0.0181911524589,11.9572299656,-70.0710967678,0.0671641791045,0.0618453012484,0.0131250888689,0.0131250888689,0.00789912526317,25.09174787,55.14582072,0.00746268656716,1e-06,6.86624531904e-27,6.86624531904e-27,1e-06,-34.6167609,-58.38588461,0.00746268656716,1e-06,9.99644539096e-27,9.99644539096e-27,1e-06,5.61762136,-0.23704262,0.00746268656716,1e-06,-6.55740627465e-30,-6.55740627465e-30,1e-06,38.7037517133,-9.18025768667,0.0223880597015,8.48290638011e-05,0.000303816569782,0.000303816569782,0.00110210388794,52.956291328,6.35507371656,0.158979785099,0.1317208239,-0.00963912208589,-0.00963912208589,0.199473974754,52.398890258,4.82088982025,0.161636015383,0.00400632143979,-0.00103670088683,-0.00103670088683,0.0113572810164,52.0478104237,5.16657250248,0.250314622981,0.182118238284,-0.0612427936872,-0.0612427936872,0.0684814728761,51.0120637325,4.49193425181,0.103544726093,0.0213861898844,0.00314940965132,0.00314940965132,0.0318899467885,11.17311,-68.54479,0.0149253731343,1e-06,-8.83524213848e-28,-8.83524213848e-28,1e-06,50.9957997075,3.4259610287,0.0223880838054,0.0738574496765,0.0505536710789,0.0505536710789,0.038159544824
al,133.869335101,12,full,51.79888853,4.66741212,0.0666666666667,1e-06,1.21169035042e-27,1.21169035042e-27,1e-06,11.6764598,-70.1877866,0.0666666666667,1e-06,-4.16518557957e-27,-4.16518557957e-27,1e-06,52.2236,6.01507,0.0666666666667,1e-06,1.51461293802e-27,1.51461293802e-27,1e-06,51.145820555,4.463594675,0.133333333333,0.00565817813807,-0.00506697745796,-0.00506697745796,0.00453935108827,50.84995748,5.68998159,0.0666666666667,1e-06,1.41363874216e-27,1.41363874216e-27,1e-06,52.3731,4.8922,0.133333333333,1e-06,3.02922587605e-28,3.02922587605e-28,1e-06,51.9262362,6.5861984,0.0666666666667,1e-06,1.61558713389e-27,1.61558713389e-27,1e-06,51.65432751,5.29585063,0.0666666666667,1e-06,1.31266454629e-27,1.31266454629e-27,1e-06,52.2119409,5.60049475,0.133333333333,0.00760499696081,0.000487867235275,0.000487867235275,3.23012275625e-05,50.89495655,4.05988335,0.0666666666667,1e-06,1.00974195868e-27,1.00974195868e-27,1e-06,51.8391623,6.2400682,0.0666666666667,1e-06,1.61558713389e-27,1.61558713389e-27,1e-06,50.85,4.35,0.0666666666667,1e-06,1.11071615455e-27,1.11071615455e-27,1e-06
van,85.796891055,7,full,51.0462358665,4.33457958086,0.200927011448,0.0717788946021,0.0576136368595,0.0576136368595,0.776508163169,5.61762136,-0.23704262,0.00934579439252,1e-06,-6.55740627465e-30,-6.55740627465e-30,1e-06,38.78777778,-9.39055556,0.00934579439252,1e-06,-1.81753552563e-27,-1.81753552563e-27,1e-06,52.3798016491,4.91910941189,0.24259836573,0.0400115814161,-0.00533028998228,-0.00533028998228,0.0162317752907,52.0460940052,5.85341635463,0.311257578011,0.110572472299,0.0991028094787,0.0991028094787,0.242319214372,53.1583219767,6.46315474674,0.120641859848,0.00477848808598,-0.00182821545894,-0.00182821545894,0.127456986577,51.9664445902,4.4353973485,0.105883596178,0.0212856303665,-0.016243586437,-0.016243586437,0.0203446755454
nu,82.7750395457,12,full,52.70885,5.73062,0.0588235294118,1e-06,1.41363874216e-27,1.41363874216e-27,1e-06,50.828441,3.266297,0.0588235294118,1e-06,8.07793566946e-28,8.07793566946e-28,1e-06,52.04155038,6.10297243,0.117647058824,1e-06,4.03896783473e-28,4.03896783473e-28,1e-06,50.8780783,5.92003208,0.0588235294118,1e-06,1.51461293802e-27,1.51461293802e-27,1e-06,52.00723559,5.500390065,0.117647058824,0.0138082863694,0.0111053341513,0.0111053341513,0.0089331278137,53.256667435,5.773157995,0.117647058824,1.00000018923e-06,5.76375000784e-13,5.76375000784e-13,1.00000175563e-06,52.512205,6.089741,0.176470588235,1e-06,1.57772181044e-28,1.57772181044e-28,1e-06,51.42298337,5.500237,0.0588235294118,1e-06,1.41363874216e-27,1.41363874216e-27,1e-06,51.9262362,6.5861984,0.0588235294118,1e-06,1.61558713389e-27,1.61558713389e-27,1e-06,50.56234,2.90006,0.0588235294118,1e-06,7.57306469012e-28,7.57306469012e-28,1e-06,51.1955309,3.49046738,0.0588235294118,1e-06,8.5828066488e-28,8.5828066488e-28,1e-06,52.11128,5.06287,0.0588235294118,1e-06,1.31266454629e-27,1.31266454629e-27,1e-06
dan,163.097607824,12,full,52.2991418,5.6060895,0.0588235294118,1e-06,1.41363874216e-27,1.41363874216e-27,1e-06,51.5020932,3.6811926,0.0588235294118,1e-06,9.08767762815e-28,9.08767762815e-28,1e-06,52.75675676,6.87733209,0.117647058824,1e-06,4.54383881407e-28,4.54383881407e-28,1e-06,51.79898464,4.6674198,0.0588235294118,1e-06,1.21169035042e-27,1.21169035042e-27,1e-06,50.74299174,5.48239021,0.0588235294118,1e-06,1.41363874216e-27,1.41363874216e-27,1e-06,51.959025375,6.433537425,0.117647058824,0.00107612999718,-0.00500562742495,-0.00500562742495,0.023306373288,51.11354985,4.34360203,0.117647058824,0.00681382683802,0.0063375772389,0.0063375772389,0.00589648013092,51.654464,5.29586904,0.0588235294118,1e-06,1.31266454629e-27,1.31266454629e-27,1e-06,50.85782422,3.89637893,0.117647058824,1e-06,2.52435489671e-28,2.52435489671e-28,1e-06,52.2162812,6.7437706,0.117647058824,1e-06,4.03896783473e-28,4.03896783473e-28,1e-06,52.0887,4.38152,0.0588235294118,1e-06,1.11071615455e-27,1.11071615455e-27,1e-06,52.20496,5.92538,0.0588235294118,1e-06,1.51461293802e-27,1.51461293802e-27,1e-06
alles,3.09740903821,4,full,52.2994381,5.6059922,0.166666666667,1e-06,1.41363874216e-27,1.41363874216e-27,1e-06,52.36686168,4.9404865,0.333333333333,1e-06,3.02922587605e-28,3.02922587605e-28,1e-06,51.8391623,6.2400682,0.166666666667,1e-06,1.61558713389e-27,1.61558713389e-27,1e-06,52.3702157,4.8951679,0.333333333333,1e-06,3.02922587605e-28,3.02922587605e-28,1e-06
had,97.8922610679,10,full,51.20674865,4.3871078,0.0769230769231,1e-06,1.11071615455e-27,1.11071615455e-27,1e-06,2.38978801,-53.22122475,0.0769230769231,1e-06,-6.4371049866e-28,-6.4371049866e-28,1e-06,53.20817,6.565904645,0.153846153846,2.87729e-05,5.646617915e-05,5.646617915e-05,0.000115803617476,52.3708982233,4.8932518,0.230769230769,1.06956409798e-05,-2.42988072933e-06,-2.42988072933e-06,1.77563314667e-06,51.442694,3.574375,0.0769230769231,1e-06,9.08767762815e-28,9.08767762815e-28,1e-06,51.4933,5.0172,0.0769230769231,1e-06,1.31266454629e-27,1.31266454629e-27,1e-06,51.90709712,4.48844102,0.0769230769231,1e-06,1.11071615455e-27,1.11071615455e-27,1e-06,52.23992741,5.17168402,0.0769230769231,1e-06,1.31266454629e-27,1.31266454629e-27,1e-06,53.15621392,6.76317744,0.0769230769231,1e-06,1.82384641287e-27,1.82384641287e-27,1e-06,52.50943897,4.94927217,0.0769230769231,1e-06,1.21169035042e-27,1.21169035042e-27,1e-06
te,81.2110283467,12,full,51.9634397932,4.52485991735,0.230769207513,0.011012156737,-0.00449714920863,-0.00449714920863,0.00604891279477,10.86817417,-68.36987667,0.0512820512821,1e-06,-8.83524213848e-28,-8.83524213848e-28,1e-06,52.96777119,6.66212750495,0.102564102574,0.00491228893037,0.00454719475207,0.00454719475207,0.0302529295478,50.9394180433,3.13101877333,0.0769230769231,0.0248751150154,-0.0138634048416,-0.0138634048416,0.00814413785517,51.5350649367,5.36015821,0.0769230769231,0.00787289162732,-0.00552828376666,-0.00552828376666,0.00584196830543,11.68183,-70.173837,0.025641025641,1e-06,-4.16518557957e-27,-4.16518557957e-27,1e-06,52.4074655931,4.81375338031,0.153846177103,0.0135240312573,0.00208204320235,0.00208204320235,0.00242824232252,51.8391733,6.2398616,0.025641025641,1e-06,1.61558713389e-27,1.61558713389e-27,1e-06,52.1203603467,5.45718395333,0.0769230769231,0.015982404028,0.0133107750212,0.0133107750212,0.011087430914,50.959577665,5.77588229,0.051282051282,1.00031205222e-06,-1.54939714981e-09,-1.54939714981e-09,1.0076930441e-06,52.4052966667,6.46062540005,0.0769230769133,0.00583230613418,-0.019682371749,-0.019682371749,0.0677014451524,51.121570865,4.709436695,0.0512820512821,0.0147804752168,-0.0353240323261,-0.0353240323261,0.0844280342125
er,140.730743354,12,full,53.1363345878,6.58397757333,0.333333333333,0.0151833110658,0.00127636158383,0.00127636158383,0.00230582493909,46.29073717,11.46249525,0.037037037037,1e-06,2.47386779877e-27,2.47386779877e-27,1e-06,51.22450053,4.40483344,0.037037037037,1e-06,1.11071615455e-27,1.11071615455e-27,1e-06,52.41950062,5.60355631667,0.111111111111,0.0289734911036,-0.000609781913687,-0.000609781913687,1.38340356006e-05,51.5091252367,5.39604884333,0.111111111111,0.0105604850947,-0.00720114140373,-0.00720114140373,0.005326034948,51.914799235,4.46844989,0.0740740740741,8.38239235853e-05,0.000163176807458,0.000163176807458,0.0003224852586,52.228138,6.902132,0.037037037037,1e-06,1.71656132976e-27,1.71656132976e-27,1e-06,50.860458625,4.222797475,0.0740740740741,0.00119110682931,-0.00562019926569,-0.00562019926569,0.0265420121245,52.365111095,4.89292264,0.0740740740741,3.41981358063e-06,-1.49168909033e-05,-1.49168909033e-05,9.29548662761e-05,51.442694,3.574375,0.037037037037,1e-06,9.08767762815e-28,9.08767762815e-28,1e-06,50.40515,4.3471,0.037037037037,1e-06,1.11071615455e-27,1.11071615455e-27,1e-06,51.93333333,5.93333333,0.037037037037,1e-06,1.51461293802e-27,1.51461293802e-27,1e-06
wel,133.471715247,11,full,50.8883438,5.7565095,0.0769230769231,1e-06,1.41363874216e-27,1.41363874216e-27,1e-06,53.020794015,6.593179565,0.153846153846,4.03036723202e-06,6.08329516725e-07,6.08329516725e-07,1.12211879702e-06,52.204,4.39999,0.0769230769231,1e-06,1.11071615455e-27,1.11071615455e-27,1e-06,51.8391733,6.2398616,0.0769230769231,1e-06,1.61558713389e-27,1.61558713389e-27,1e-06,51.5020932,3.6811926,0.0769230769231,1e-06,9.08767762815e-28,9.08767762815e-28,1e-06,52.2162812,6.7437706,0.0769230769231,1e-06,1.71656132976e-27,1.71656132976e-27,1e-06,51.9725866,5.6663656,0.0769230769231,1e-06,1.41363874216e-27,1.41363874216e-27,1e-06,53.09830064,5.8194832,0.0769230769231,1e-06,1.60927624665e-27,1.60927624665e-27,1e-06,51.4233828,5.6476732,0.0769230769231,1e-06,1.41363874216e-27,1.41363874216e-27,1e-06,53.2029,6.55519,0.0769230769231,1e-06,1.71656132976e-27,1.71656132976e-27,1e-06,50.959577665,5.77588229,0.153846153846,1.00031205222e-06,-1.54939714981e-09,-1.54939714981e-09,1.0076930441e-06
ons,291.240580248,4,full,52.548856855,6.35810611,0.4,0.0896104316542,0.043496493961,0.043496493961,0.0211142349795,-26.7234804,27.0946423,0.2,1e-06,-3.64769282574e-27,-3.64769282574e-27,1e-06,53.8098,-1.57044,0.2,1e-06,-4.2914033244e-28,-4.2914033244e-28,1e-06,51.15618515,2.76286674,0.2,1e-06,7.06819371078e-28,7.06819371078e-28,1e-06
weer,71.5358267432,11,full,52.518676375,6.621333725,0.133333333333,0.00897468561105,-0.00237671602433,-0.00237671602433,0.000630482612292,53.2161209862,5.6875753325,0.266666666667,0.000313201892786,0.000113690470532,0.000113690470532,0.00293468409945,51.479781,5.652267,0.0666666666667,1e-06,3.53409685539e-28,3.53409685539e-28,1e-06,53.1669683767,6.62053432667,0.1,0.00459196554412,-0.00341991422026,-0.00341991422026,0.00346114928108,52.65903573,5.08031906,0.0666666666667,4.15039326329e-05,-4.01525612862e-05,-4.01525612862e-05,4.08042380836e-05,51.79888853,4.66741212,0.0333333333333,1e-06,1.21169035042e-27,1.21169035042e-27,1e-06,52.51207606,6.09154059,0.0666666666667,1.0022033636e-06,5.32492054008e-08,5.32492054008e-08,2.2868860481e-06,50.8780783,5.92003208,0.0333333333333,1e-06,1.51461293802e-27,1.51461293802e-27,1e-06,52.85,5.71666667,0.133333333333,1e-06,5.67979851759e-29,5.67979851759e-29,1e-06,51.990572275,6.422168225,0.0666666666667,2.54324717562e-06,-0.000175523239788,-0.000175523239788,0.0199643656827,51.88973706,5.40590223,0.0333333333333,1e-06,1.41363874216e-27,1.41363874216e-27,1e-06
de,112.044897193,12,full,52.7892023302,4.95497272583,0.025692377727,0.0303604237137,-0.0251308772756,-0.0251308772756,0.0220581925715,11.7093716794,-69.881198015,0.0602006688963,0.116404950848,-0.0965160045298,-0.0965160045298,0.174662955056,43.0134156167,-5.32157732333,0.0200668896321,1.34516560283,-0.835826511783,-0.835826511783,0.519703440713,-34.6033,-58.3817,0.00334448160535,1e-06,9.99644539096e-27,9.99644539096e-27,1e-06,5.61353365,-54.40281641,0.0100334448161,0.0227191323767,-0.0807392253459,-0.0807392253459,0.286944592077,51.0727123899,4.37644270214,0.119976157348,0.0871641871593,0.00342590678382,0.00342590678382,0.00273503825015,38.7199026225,-9.2504300375,0.0133779264214,0.00153667900188,-0.00317034730315,-0.00317034730315,0.00654605401863,53.2252569104,6.5263276582,0.0900824933016,0.00164634008325,-0.00703509302394,-0.00703509302394,0.0301371193141,50.9691792392,3.29498308789,0.118540465729,0.0569409017391,0.0172059523111,0.0172059523111,0.18496263479,45.73333333,5.86666667,0.0066889632107,1e-06,3.09233474847e-28,3.09233474847e-28,1e-06,51.8966852977,5.91910612998,0.267609979618,0.317571554955,0.139303447608,0.139303447608,0.215679279296,52.1924429844,4.81911153042,0.264386151694,0.0421181748772,0.03055960595,0.03055960595,0.0837223368434
iets,29.9888555259,5,full,52.12106771,5.09593401,0.428571428571,1e-06,1.89326617253e-28,1.89326617253e-28,1e-06,53.019129,6.59271754,0.142857142857,1e-06,1.71656132976e-27,1.71656132976e-27,1e-06,52.36355552,4.90251195,0.142857142857,1e-06,1.21169035042e-27,1.21169035042e-27,1e-06,50.95049,4.71143,0.142857142857,1e-06,1.21169035042e-27,1.21169035042e-27,1e-06,52.509,4.93986,0.142857142857,1e-06,1.21169035042e-27,1.21169035042e-27,1e-06
want,133.426063101,4,full,51.098642805,4.462482055,0.4,0.00604508055738,-0.000706650058652,-0.000706650058652,8.36187375652e-05,52.2165488,5.1687435,0.2,1e-06,1.31266454629e-27,1.31266454629e-27,1e-06,51.8391733,6.2398616,0.2,1e-06,1.61558713389e-27,1.61558713389e-27,1e-06,52.3731,4.8932,0.2,1e-06,1.21169035042e-27,1.21169035042e-27,1e-06
sinds,51.6055534945,4,full,51.2009,4.57825,0.2,1e-06,1.11071615455e-27,1.11071615455e-27,1e-06,50.649975,4.330125,0.4,0.059940280625,-0.004155904375,-0.004155904375,0.000289150625,50.816416,3.645151,0.2,1e-06,9.08767762815e-28,9.08767762815e-28,1e-06,51.1266,4.07965,0.2,1e-06,1.00974195868e-27,1.00974195868e-27,1e-06
later,84.5946179585,6,full,52.10091883,5.17754746,0.125,1e-06,1.31266454629e-27,1.31266454629e-27,1e-06,12.10539738,-68.93869094,0.125,1e-06,-4.16518557957e-27,-4.16518557957e-27,1e-06,51.0879,4.36691,0.25,1e-06,2.52435489671e-28,2.52435489671e-28,1e-06,52.85,5.71666667,0.25,1e-06,3.53409685539e-28,3.53409685539e-28,1e-06,51.06670278,4.73414167,0.125,1e-06,1.21169035042e-27,1.21169035042e-27,1e-06,51.03333333,4.98333333,0.125,1e-06,1.21169035042e-27,1.21169035042e-27,1e-06
ook,113.424091562,12,full,52.6582,4.99448481333,0.15,0.000124526666667,-0.000558468569333,-0.000558468569333,0.0104742898983,46.29073717,11.46249525,0.05,1e-06,2.47386779877e-27,2.47386779877e-27,1e-06,51.65437133,5.29588465333,0.15,1.00429808127e-06,-7.93578766704e-10,-7.93578766704e-10,1.00128838736e-06,53.04568145,6.648766515,0.1,0.000903915357103,0.0015860671882,0.0015860671882,0.00278709628875,50.8348529,3.32309121,0.05,1e-06,8.5828066488e-28,8.5828066488e-28,1e-06,51.35,6.05,0.05,1e-06,1.51461293802e-27,1.51461293802e-27,1e-06,53.25947073,5.77281395,0.05,1e-06,1.50199116354e-27,1.50199116354e-27,1e-06,52.2991418,5.6060895,0.1,1e-06,3.53409685539e-28,3.53409685539e-28,1e-06,51.79888853,4.66741212,0.1,1e-06,3.02922587605e-28,3.02922587605e-28,1e-06,50.8883438,5.7565095,0.05,1e-06,1.41363874216e-27,1.41363874216e-27,1e-06,52.65547,6.204864,0.05,1e-06,1.61558713389e-27,1.61558713389e-27,1e-06,51.4063778,5.4553373,0.1,1e-06,3.53409685539e-28,3.53409685539e-28,1e-06
ze,75.6768607582,7,full,51.06008,3.73241,0.1,1e-06,9.59254860749e-28,9.59254860749e-28,1e-06,52.1872,5.3744,0.1,1e-06,1.31266454629e-27,1.31266454629e-27,1e-06,53.07573,6.70155,0.1,1e-06,1.82384641287e-27,1.82384641287e-27,1e-06,51.79888853,4.66741212,0.3,1e-06,1.26217744835e-28,1.26217744835e-28,1e-06,50.8259607,4.3857116,0.2,1e-06,2.52435489671e-28,2.52435489671e-28,1e-06,51.02742195,4.49805003,0.1,1e-06,1.11071615455e-27,1.11071615455e-27,1e-06,52.1119,5.1825,0.1,1e-06,1.31266454629e-27,1.31266454629e-27,1e-06
niet,74.323451439,12,full,50.95895211,3.814394465,0.0689655172414,0.0102278501359,-0.00829091595823,-0.00829091595823,0.00672245250134,-34.6033,-58.3817,0.0344827586207,1e-06,9.99644539096e-27,9.99644539096e-27,1e-06,38.78777778,-9.39055556,0.0344827586207,1e-06,-1.81753552563e-27,-1.81753552563e-27,1e-06,52.2202084363,5.19662974043,0.206896552388,0.011983697783,0.00797594496646,0.00797594496646,0.00633582003535,53.174900834,6.57969016,0.172413793103,0.00607316735257,-0.000511981601361,-0.000511981601361,4.41767971816e-05,53.18499614,5.79199143667,0.103448275862,0.00429463892701,-0.00128778138389,-0.00128778138389,0.000396132912893,52.1422499633,4.42408803667,0.103448275862,0.00290213009667,0.000900445851511,0.000900445851511,0.00301034151498,51.6248558153,5.05286747234,0.0689655165776,0.000869580806173,0.00716112558166,0.00716112558166,0.0590418160436,51.02743727,4.49813069,0.0344827586207,1e-06,1.11071615455e-27,1.11071615455e-27,1e-06,50.847413,3.2794102,0.0344827586207,1e-06,8.07793566946e-28,8.07793566946e-28,1e-06,52.516085,4.82492,0.0689655172414,0.020445710225,-0.0096200308,-0.0096200308,0.0045275984,51.75153215,5.52882648,0.0689655172414,1e-06,3.53409685539e-28,3.53409685539e-28,1e-06
weg,49.4026014915,6,full,51.56878007,5.04024253,0.142857142857,1e-06,1.31266454629e-27,1.31266454629e-27,1e-06,52.3167,4.96667,0.142857142857,1e-06,1.21169035042e-27,1.21169035042e-27,1e-06,53.01905322,6.59283011,0.142857142857,1e-06,1.71656132976e-27,1.71656132976e-27,1e-06,51.21808043,4.42216873,0.142857142857,1e-06,1.11071615455e-27,1.11071615455e-27,1e-06,52.0887,4.38152,0.142857142857,1e-06,1.11071615455e-27,1.11071615455e-27,1e-06,52.49323157,4.68296286,0.285714285714,1e-06,3.02922587605e-28,3.02922587605e-28,1e-06
deze,77.9465441931,7,full,52.3731,4.8922,0.125,1e-06,1.21169035042e-27,1.21169035042e-27,1e-06,51.06008,3.73241,0.125,1e-06,9.59254860749e-28,9.59254860749e-28,1e-06,53.14518,7.03501,0.125,1e-06,1.93113149598e-27,1.93113149598e-27,1e-06,51.080360975,4.499025015,0.25,0.00280354036795,5.16147552896e-05,5.16147552896e-05,1.95059575023e-06,51.654464,5.29586904,0.125,1e-06,1.31266454629e-27,1.31266454629e-27,1e-06,53.21400365,6.5763338,0.125,1e-06,1.71656132976e-27,1.71656132976e-27,1e-06,51.1955309,3.49046738,0.125,1e-06,8.5828066488e-28,8.5828066488e-28,1e-06
kan,60.3542136879,9,full,50.56234,2.90006,0.1,1e-06,7.57306469012e-28,7.57306469012e-28,1e-06,52.63936625,4.75552942,0.1,1e-06,1.21169035042e-27,1.21169035042e-27,1e-06,52.10121441,5.17798519,0.2,1e-06,3.02922587605e-28,3.02922587605e-28,1e-06,51.8391733,6.2398616,0.1,1e-06,1.61558713389e-27,1.61558713389e-27,1e-06,52.0887,4.38152,0.1,1e-06,1.11071615455e-27,1.11071615455e-27,1e-06,51.4063778,5.4553373,0.1,1e-06,1.41363874216e-27,1.41363874216e-27,1e-06,50.81816182,3.17437677,0.1,1e-06,8.07793566946e-28,8.07793566946e-28,1e-06,51.88972989,5.40588932,0.1,1e-06,1.41363874216e-27,1.41363874216e-27,1e-06,52.2833,5.25,0.1,1e-06,1.31266454629e-27,1.31266454629e-27,1e-06
aan,36.957070473,11,full,52.495972225,4.757777775,0.0689655172414,0.0167209265539,-0.0162350307226,-0.0162350307226,0.0157651973914,52.8482052,6.50341005,0.0344827586207,1e-06,1.71656132976e-27,1.71656132976e-27,1e-06,51.360562,6.14688,0.0344827586207,1e-06,1.51461293802e-27,1.51461293802e-27,1e-06,51.91654699,4.48682317906,0.206896807289,0.00183063899597,0.000406936552065,0.000406936552065,0.00732947901545,51.96208416,6.73302183,0.0689655172414,1e-06,4.03896783473e-28,4.03896783473e-28,1e-06,52.1889500677,4.38790757403,0.310343930101,0.00125722681225,8.00422577633e-05,8.00422577633e-05,6.10000500339e-06,51.99489289,6.126020865,0.0689655172414,1.04761771556e-05,-0.000476698141529,-0.000476698141529,0.0239812522057,51.5722802997,5.48473379405,0.0689661591621,0.00673508277433,-0.0155027349183,-0.0155027349183,0.0356903134043,53.0667,6.0,0.0344827586207,1e-06,1.60927624665e-27,1.60927624665e-27,1e-06,52.2991418,5.6060895,0.0344827586207,1e-06,1.41363874216e-27,1.41363874216e-27,1e-06,53.11260913,6.591605905,0.0689655172414,0.0087531114194,-0.000115014181732,-0.000115014181732,2.51143665403e-06
ik,139.539707298,12,full,51.5259191347,5.44301262548,0.190482624848,0.0317411983166,-0.00917817953258,-0.00917817953258,0.0174514145739,25.09174787,55.14582072,0.0238095238095,1e-06,6.86624531904e-27,6.86624531904e-27,1e-06,53.08952608,6.58712601364,0.261904761905,0.00881598440341,-0.000756656382403,-0.000756656382403,6.66324891361e-05,48.8567,2.3508,0.0238095238095,1e-06,5.67979851759e-28,5.67979851759e-28,1e-06,52.3298843814,4.90765814021,0.142850764157,0.00762337448505,-0.00420601441743,-0.00420601441743,0.0024569231427,50.847413,3.2794102,0.0238095238095,1e-06,8.07793566946e-28,8.07793566946e-28,1e-06,50.88822535,4.5485708,0.047619047619,0.00387788663962,0.0101403710873,0.0101403710873,0.0265241190246,52.1288340475,6.1906707575,0.0952380952381,0.0071691008437,-0.00680315804332,-0.00680315804332,0.0106575341759,53.2,5.78333,0.0238095238095,1e-06,1.50199116354e-27,1.50199116354e-27,1e-06,51.9328194444,4.55058990332,0.0952380938628,0.0273509500388,-0.0179595419819,-0.0179595419819,0.0142196636203,52.5330076182,5.18971020349,0.0476190428768,0.0175287462538,-0.0153178285659,-0.0153178285659,0.013387539751,51.56878007,5.04024253,0.0238094742551,1e-06,1.31266454629e-27,1.31266454629e-27,1e-06
wat,136.932847558,11,full,51.91549496,6.260465495,0.117647058824,0.00582599578516,0.00157252346887,0.00157252346887,0.000425520489171,47.39160628,12.63633804,0.0588235294118,1e-06,3.02922587605e-27,3.02922587605e-27,1e-06,52.2508333338,4.95005666572,0.117647059067,0.0134183622057,-0.00772878682616,-0.00772878682616,0.00445300367172,53.1453189567,6.57478463667,0.176470588235,0.00799306663521,-0.00110013359949,-0.00110013359949,0.000238329600319,52.03096962,5.38273118,0.0588235294118,1e-06,1.31266454629e-27,1.31266454629e-27,1e-06,53.03172057,5.65601084,0.0588235294118,1e-06,1.50199116354e-27,1.50199116354e-27,1e-06,51.65432751,5.29585063,0.0588235291683,1e-06,1.31266454629e-27,1.31266454629e-27,1e-06,52.09719781,5.936933155,0.117647058824,0.0134541720686,0.00312275778674,0.00312275778674,0.000725856275154,52.6654,5.07401,0.0588235294118,1e-06,1.31266454629e-27,1.31266454629e-27,1e-06,52.2991418,5.6060895,0.0588235294118,1e-06,1.41363874216e-27,1.41363874216e-27,1e-06,51.88973297,5.405889265,0.117647058824,1.0000094864e-06,-1.69400000481e-13,-1.69400000481e-13,1.00000000303e-06
met,92.5645993366,11,full,46.29073717,11.46249525,0.0192307692308,1e-06,2.47386779877e-27,2.47386779877e-27,1e-06,51.5565260551,5.41814295374,0.132623379645,0.153701518054,-0.0541730650427,-0.0541730650427,0.0272455736454,25.9145555,34.40454151,0.0192307692308,1e-06,4.4428646182e-27,4.4428646182e-27,1e-06,38.7167,-9.13333,0.0192307692308,1e-06,-1.66607423183e-27,-1.66607423183e-27,1e-06,53.8098,-1.57044,0.0192307692308,1e-06,-4.2914033244e-28,-4.2914033244e-28,1e-06,53.1567940214,5.85315116761,0.0572801759774,0.0231928414006,0.00769851429247,0.00769851429247,0.0210668130728,52.2229101251,6.13256082674,0.134869285817,0.0630946435622,-0.00754441064193,-0.00754441064193,0.00839442439583,51.0569120441,3.87172393887,0.117754388298,0.0314190019291,0.002919604703,0.002919604703,0.533039137195,48.8567,2.3508,0.0192307692308,1e-06,5.67979851759e-28,5.67979851759e-28,1e-06,52.3312834645,4.96493566857,0.326703555383,0.0396042715919,0.00638605889693,0.00638605889693,0.0826431945,53.1557758228,6.62504500994,0.134615368725,0.00480869694436,-0.00459956257726,-0.00459956257726,0.00445682656689
dat,84.2666229934,10,full,51.8301277097,4.622149684,0.108102980396,0.00293216196623,-0.00424393111442,-0.00424393111442,0.00614564710195,12.07575285,-68.8793812,0.027027027027,1e-06,-4.16518557957e-27,-4.16518557957e-27,1e-06,51.9500652196,6.21456246274,0.177993902238,0.00986920181008,-0.00183298320269,-0.00183298320269,0.0446342311592,51.50338953,-0.11898719,0.027027027027,1e-06,-2.99767143984e-29,-2.99767143984e-29,1e-06,53.0833469308,6.58746642509,0.162162128521,0.00870394934258,-0.000914081451085,-0.000914081451085,0.000100899205564,48.8567,2.3508,0.027027027027,1e-06,5.67979851759e-28,5.67979851759e-28,1e-06,51.5581581963,5.46577840886,0.2544836978,0.184336438218,0.0282176369582,0.0282176369582,0.10649752271,50.847413,3.2794102,0.027027027027,1e-06,8.5828066488e-28,8.5828066488e-28,1e-06,53.2042850069,5.73117453389,0.0810807728571,0.00548828496265,0.0043963679742,0.0043963679742,0.00352333446321,52.3398393863,4.96275297187,0.10806841008,0.00332413364651,-0.00694917487808,-0.00694917487808,0.014532775313
op,144.163886045,10,full,52.3707461064,4.8376186325,0.0681818166253,0.054128086665,-0.0112136961894,-0.0112136961894,0.00320724918463,-28.7419,24.7719,0.0227272727273,1e-06,-3.40787911055e-27,-3.40787911055e-27,1e-06,53.0841854764,6.57129274412,0.204379608215,0.0148987247648,0.000894740734558,0.000894740734558,0.000777821685031,51.50338953,-0.11898719,0.0227272727273,1e-06,-2.99767143984e-29,-2.99767143984e-29,1e-06,52.1426120419,6.18781785031,0.159280293386,0.0419246905297,0.0222396401912,0.0222396401912,0.0532990226892,51.3655421239,4.3443617464,0.136565364165,0.0314997705762,0.00510749865925,0.00510749865925,0.0102972304093,51.397614134,5.35684866179,0.0908856176935,0.005810077832,0.00123774687725,0.00123774687725,0.00745550294964,51.9983983439,4.4360422097,0.113434637339,0.00680715694618,-0.0062862347872,-0.0062862347872,0.00878409273297,53.25947073,5.77281395,0.0227272727273,1e-06,1.50199116354e-27,1.50199116354e-27,1e-06,52.1169876694,5.19060164812,0.159090844395,0.00117828201822,0.00190004549386,0.00190004549386,0.00322294138283
of,75.4770394937,9,full,52.3711725399,4.891562202,0.387297113293,6.70945736902e-05,9.74079399674e-06,9.74079399674e-06,0.000385545707968,12.103755555,-68.9175425025,0.0519480519481,1.39293902801e-05,-0.000119036346526,-0.000119036346526,0.00109692575421,5.82843542,-55.16078523,0.012987012987,1e-06,-1.60927624665e-27,-1.60927624665e-27,1e-06,18.03802942,-63.0949149,0.012987012987,1e-06,-5.55358077276e-27,-5.55358077276e-27,1e-06,51.1412217384,4.45285919681,0.136586520595,0.0375010440191,0.0313313603357,0.0313313603357,0.0466520465292,53.1498321199,6.56916467918,0.0779090314397,0.00876626475596,-0.00167564437166,-0.00167564437166,0.000405205203588,52.0401833805,5.6494171944,0.198162019628,0.47344639888,-0.0797849567156,-0.0797849567156,0.174792321068,6.78333333,-58.16666667,0.012987012987,1e-06,-1.93113149598e-27,-1.93113149598e-27,1e-06,51.6824525263,3.98499849094,0.109136224136,0.249785311799,0.312043466899,0.312043466899,0.402269513578
naar,116.219901871,12,full,53.196700155,6.577028075,0.117647058824,9.0523672273e-05,0.00012629872608,0.00012629872608,0.000179180449981,12.07575285,-68.8793812,0.0588235294118,1e-06,-4.16518557957e-27,-4.16518557957e-27,1e-06,42.6506,18.0914,0.0588235294118,1e-06,3.60982750229e-27,3.60982750229e-27,1e-06,51.9498357097,4.31681097839,0.235294142747,0.00275551364898,0.00297187336999,0.00297187336999,0.0082030639118,52.18857781,6.090544155,0.117647058824,0.000606544312996,-0.00311751041907,-0.00311751041907,0.0160508100707,51.14576213,3.02473859,0.0588235294118,1e-06,7.57306469012e-28,7.57306469012e-28,1e-06,51.21808043,4.42216873,0.0588235294118,1e-06,1.11071615455e-27,1.11071615455e-27,1e-06,51.88973706,5.40590223,0.0588235294118,1e-06,1.41363874216e-27,1.41363874216e-27,1e-06,51.360562,6.14688,0.0588235294118,1e-06,1.51461293802e-27,1.51461293802e-27,1e-06,50.85782422,3.89637893,0.0588235294118,1e-06,9.59254860749e-28,9.59254860749e-28,1e-06,51.59538412,4.80988431,0.0588235294118,1e-06,1.21169035042e-27,1.21169035042e-27,1e-06,52.15759288,4.53609579,0.0588235043116,1e-06,1.11071615455e-27,1.11071615455e-27,1e-06
me,107.094602982,12,full,50.882466296,4.3752522,0.178571428571,0.0106113986855,-0.000528935134626,-0.000528935134626,0.000187707804944,12.56841477,-70.04686885,0.0714285714286,1e-06,-1.00974195868e-27,-1.00974195868e-27,1e-06,2.38978801,-53.22122475,0.0357142857143,1e-06,-6.4371049866e-28,-6.4371049866e-28,1e-06,52.349311112,4.923320666,0.178571428571,0.000853642202706,-0.00111458330008,-0.00111458330008,0.00145818377509,5.50695473,-54.0240397,0.0357142857143,1e-06,-1.50199116354e-27,-1.50199116354e-27,1e-06,51.43363352,3.70093152,0.178571428571,0.00660776450139,-0.00838821072277,-0.00838821072277,0.0106510056291,51.0187515233,2.94353387668,0.107142857144,0.00638982268553,-0.0112357789795,-0.0112357789795,0.0265983495321,12.08928917,-68.90211116,0.0357142857143,1e-06,-4.16518557957e-27,-4.16518557957e-27,1e-06,51.5531889,5.38600365,0.0714285714286,0.0215544990832,-0.0101789494235,-0.0101789494235,0.00480815502232,11.6764607,-70.187787,0.0357142857143,1e-06,-4.16518557957e-27,-4.16518557957e-27,1e-06,52.210804,4.4055395,0.0357142857143,1e-06,1.11071615455e-27,1.11071615455e-27,1e-06,50.7117,3.83,0.0357142857127,1e-06,9.59254860749e-28,9.59254860749e-28,1e-06
hier,115.164125895,7,full,52.204,4.39999,0.125,1e-06,1.11071615455e-27,1.11071615455e-27,1e-06,12.08801763,-68.90032813,0.125,1e-06,-4.16518557957e-27,-4.16518557957e-27,1e-06,38.69727757,-9.20372153,0.125,1e-06,-1.81753552563e-27,-1.81753552563e-27,1e-06,53.256667,5.77315667,0.125,1e-06,1.50199116354e-27,1.50199116354e-27,1e-06,51.04938053,3.70492618,0.125,1e-06,9.59254860749e-28,9.59254860749e-28,1e-06,51.4416673,5.467544,0.125,1e-06,1.41363874216e-27,1.41363874216e-27,1e-06,52.505999755,4.83660484,0.25,0.0218199102772,-0.00467654783646,-0.00467654783646,0.00100334610202
haar,96.6528237821,4,full,51.581722235,4.324717175,0.333333333333,1.00001014423e-06,-1.96275625038e-10,-1.96275625038e-10,1.00379764062e-06,52.04155038,6.10297243,0.333333333333,1e-06,4.03896783473e-28,4.03896783473e-28,1e-06,52.49348,5.06322,0.166666666667,1e-06,1.31266454629e-27,1.31266454629e-27,1e-06,52.0889387,5.15372342,0.166666666667,1e-06,1.31266454629e-27,1.31266454629e-27,1e-06
even,63.8901441072,5,full,52.2162812,6.7437706,0.166666666667,1e-06,1.71656132976e-27,1.71656132976e-27,1e-06,12.57766151,-70.04464728,0.166666666667,1e-06,-4.4428646182e-27,-4.4428646182e-27,1e-06,52.36666667,4.88333333,0.166666666667,1e-06,1.21169035042e-27,1.21169035042e-27,1e-06,53.25666787,5.77315932,0.166666666667,1e-06,1.50199116354e-27,1.50199116354e-27,1e-06,52.264926145,5.756928155,0.333333333333,0.00267808192728,-0.010706571377,-0.010706571377,0.0428202613317
zo,165.486482202,11,full,50.8780783,5.92003208,0.0833333333333,1e-06,1.51461293802e-27,1.51461293802e-27,1e-06,51.9336461,4.36657,0.0833333333333,1e-06,1.11071615455e-27,1.11071615455e-27,1e-06,53.01905322,6.59283011,0.0833333333333,1e-06,1.71656132976e-27,1.71656132976e-27,1e-06,50.831272465,3.28172206,0.166666666667,0.000261516870086,-3.73146572451e-05,-3.73146572451e-05,6.3446966596e-06,52.6667,4.85,0.0833333333333,1e-06,1.21169035042e-27,1.21169035042e-27,1e-06,53.25666876,5.77315937,0.0833333333333,1e-06,1.50199116354e-27,1.50199116354e-27,1e-06,50.816416,3.645151,0.0833333333333,1e-06,9.08767762815e-28,9.08767762815e-28,1e-06,51.58172542,4.32465555,0.0833333333333,1e-06,1.11071615455e-27,1.11071615455e-27,1e-06,52.36666667,4.88333333,0.0833333333333,1e-06,1.21169035042e-27,1.21169035042e-27,1e-06,50.8883438,5.7565095,0.0833333333333,1e-06,1.41363874216e-27,1.41363874216e-27,1e-06,52.07274989,4.37227411,0.0833333333333,1e-06,1.11071615455e-27,1.11071615455e-27,1e-06
geen,119.429848476,5,full,51.933645,4.3665755,0.142857142857,1e-06,1.11071615455e-27,1.11071615455e-27,1e-06,53.01899434,6.592753,0.142857142857,1e-06,1.71656132976e-27,1.71656132976e-27,1e-06,52.04155038,6.10297243,0.285714285714,1e-06,4.03896783473e-28,4.03896783473e-28,1e-06,51.0264768,4.478396,0.285714285714,1e-06,3.02922587605e-28,3.02922587605e-28,1e-06,51.02742195,4.49805003,0.142857142857,1e-06,1.11071615455e-27,1.11071615455e-27,1e-06
als,136.372755447,10,full,52.0893157,4.8741529,0.0909090909091,1e-06,1.21169035042e-27,1.21169035042e-27,1e-06,51.9613299,6.21166,0.0909090909091,1e-06,1.61558713389e-27,1.61558713389e-27,1e-06,50.72766428,2.87946283,0.0909090909091,1e-06,7.06819371078e-28,7.06819371078e-28,1e-06,53.019054815,6.59283271,0.181818181818,1.00000254402e-06,4.1469999917e-12,4.1469999917e-12,1.00000676e-06,51.1575593,4.4319999,0.0909090909091,1e-06,1.11071615455e-27,1.11071615455e-27,1e-06,53.3649809,7.2012086,0.0909090909091,1e-06,1.93113149598e-27,1.93113149598e-27,1e-06,51.79898464,4.6674198,0.0909090909091,1e-06,1.21169035042e-27,1.21169035042e-27,1e-06,50.95049,4.71143,0.0909090909091,1e-06,1.21169035042e-27,1.21169035042e-27,1e-06,52.31530624,4.93492885,0.0909090909091,1e-06,1.21169035042e-27,1.21169035042e-27,1e-06,52.06319,6.18724,0.0909090909091,1e-06,1.51461293802e-27,1.51461293802e-27,1e-06
