{"fields":[{"metadata":{},"name":"_corrupt_record","nullable":true,"type":"string"},{"metadata":{},"name":"contributors","nullable":true,"type":"string"},{"metadata":{},"name":"coordinates","nullable":true,"type":{"fields":[{"metadata":{},"name":"coordinates","nullable":true,"type":{"containsNull":true,"elementType":"double","type":"array"}},{"metadata":{},"name":"type","nullable":true,"type":"string"}],"type":"struct"}},{"metadata":{},"name":"created_at","nullable":true,"type":"string"},{"metadata":{},"name":"delete","nullable":true,"type":{"fields":[{"metadata":{},"name":"status","nullable":true,"type":{"fields":[{"metadata":{},"name":"id","nullable":true,"type":"long"},{"metadata":{},"name":"id_str","nullable":true,"type":"string"},{"metadata":{},"name":"user_id","nullable":true,"type":"long"},{"metadata":{},"name":"user_id_str","nullable":true,"type":"string"}],"type":"struct"}},{"metadata":{},"name":"timestamp_ms","nullable":true,"type":"string"}],"type":"struct"}},{"metadata":{},"name":"entities","nullable":true,"type":{"fields":[{"metadata":{},"name":"hashtags","nullable":true,"type":{"containsNull":true,"elementType":{"fields":[{"metadata":{},"name":"indices","nullable":true,"type":{"containsNull":true,"elementType":"long","type":"array"}},{"metadata":{},"name":"text","nullable":true,"type":"string"}],"type":"struct"},"type":"array"}},{"metadata":{},"name":"media","nullable":true,"type":{"containsNull":true,"elementType":{"fields":[{"metadata":{},"name":"display_url","nullable":true,"type":"string"},{"metadata":{},"name":"expanded_url","nullable":true,"type":"string"},{"metadata":{},"name":"id","nullable":true,"type":"long"},{"metadata":{},"name":"id_str","nullable":true,"type":"string"},{"metadata":{},"name":"indices","nullable":true,"type":{"containsNull":true,"elementType":"long","type":"array"}},{"metadata":{},"name":"media_url","nullable":true,"type":"string"},{"metadata":{},"name":"media_url_https","nullable":true,"type":"string"},{"metadata":{},"name":"sizes","nullable":true,"type":{"fields":[{"metadata":{},"name":"large","nullable":true,"type":{"fields":[{"metadata":{},"name":"h","nullable":true,"type":"long"},{"metadata":{},"name":"resize","nullable":true,"type":"string"},{"metadata":{},"name":"w","nullable":true,"type":"long"}],"type":"struct"}},{"metadata":{},"name":"medium","nullable":true,"type":{"fields":[{"metadata":{},"name":"h","nullable":true,"type":"long"},{"metadata":{},"name":"resize","nullable":true,"type":"string"},{"metadata":{},"name":"w","nullable":true,"type":"long"}],"type":"struct"}},{"metadata":{},"name":"small","nullable":true,"type":{"fields":[{"metadata":{},"name":"h","nullable":true,"type":"long"},{"metadata":{},"name":"resize","nullable":true,"type":"string"},{"metadata":{},"name":"w","nullable":true,"type":"long"}],"type":"struct"}},{"metadata":{},"name":"thumb","nullable":true,"type":{"fields":[{"metadata":{},"name":"h","nullable":true,"type":"long"},{"metadata":{},"name":"resize","nullable":true,"type":"string"},{"metadata":{},"name":"w","nullable":true,"type":"long"}],"type":"struct"}}],"type":"struct"}},{"metadata":{},"name":"source_status_id","nullable":true,"type":"long"},{"metadata":{},"name":"source_status_id_str","nullable":true,"type":"string"},{"metadata":{},"name":"type","nullable":true,"type":"string"},{"metadata":{},"name":"url","nullable":true,"type":"string"}],"type":"struct"},"type":"array"}},{"metadata":{},"name":"symbols","nullable":true,"type":{"containsNull":true,"elementType":{"fields":[{"metadata":{},"name":"indices","nullable":true,"type":{"containsNull":true,"elementType":"long","type":"array"}},{"metadata":{},"name":"text","nullable":true,"type":"string"}],"type":"struct"},"type":"array"}},{"metadata":{},"name":"trends","nullable":true,"type":{"containsNull":true,"elementType":"string","type":"array"}},{"metadata":{},"name":"urls","nullable":true,"type":{"containsNull":true,"elementType":{"fields":[{"metadata":{},"name":"display_url","nullable":true,"type":"string"},{"metadata":{},"name":"expanded_url","nullable":true,"type":"string"},{"metadata":{},"name":"indices","nullable":true,"type":{"containsNull":true,"elementType":"long","type":"array"}},{"metadata":{},"name":"url","nullable":true,"type":"string"}],"type":"struct"},"type":"array"}},{"metadata":{},"name":"user_mentions","nullable":true,"type":{"containsNull":true,"elementType":{"fields":[{"metadata":{},"name":"id","nullable":true,"type":"long"},{"metadata":{},"name":"id_str","nullable":true,"type":"string"},{"metadata":{},"name":"indices","nullable":true,"type":{"containsNull":true,"elementType":"long","type":"array"}},{"metadata":{},"name":"name","nullable":true,"type":"string"},{"metadata":{},"name":"screen_name","nullable":true,"type":"string"}],"type":"struct"},"type":"array"}}],"type":"struct"}},{"metadata":{},"name":"extended_entities","nullable":true,"type":{"fields":[{"metadata":{},"name":"media","nullable":true,"type":{"containsNull":true,"elementType":{"fields":[{"metadata":{},"name":"display_url","nullable":true,"type":"string"},{"metadata":{},"name":"expanded_url","nullable":true,"type":"string"},{"metadata":{},"name":"id","nullable":true,"type":"long"},{"metadata":{},"name":"id_str","nullable":true,"type":"string"},{"metadata":{},"name":"indices","nullable":true,"type":{"containsNull":true,"elementType":"long","type":"array"}},{"metadata":{},"name":"media_url","nullable":true,"type":"string"},{"metadata":{},"name":"media_url_https","nullable":true,"type":"string"},{"metadata":{},"name":"sizes","nullable":true,"type":{"fields":[{"metadata":{},"name":"large","nullable":true,"type":{"fields":[{"metadata":{},"name":"h","nullable":true,"type":"long"},{"metadata":{},"name":"resize","nullable":true,"type":"string"},{"metadata":{},"name":"w","nullable":true,"type":"long"}],"type":"struct"}},{"metadata":{},"name":"medium","nullable":true,"type":{"fields":[{"metadata":{},"name":"h","nullable":true,"type":"long"},{"metadata":{},"name":"resize","nullable":true,"type":"string"},{"metadata":{},"name":"w","nullable":true,"type":"long"}],"type":"struct"}},{"metadata":{},"name":"small","nullable":true,"type":{"fields":[{"metadata":{},"name":"h","nullable":true,"type":"long"},{"metadata":{},"name":"resize","nullable":true,"type":"string"},{"metadata":{},"name":"w","nullable":true,"type":"long"}],"type":"struct"}},{"metadata":{},"name":"thumb","nullable":true,"type":{"fields":[{"metadata":{},"name":"h","nullable":true,"type":"long"},{"metadata":{},"name":"resize","nullable":true,"type":"string"},{"metadata":{},"name":"w","nullable":true,"type":"long"}],"type":"struct"}}],"type":"struct"}},{"metadata":{},"name":"source_status_id","nullable":true,"type":"long"},{"metadata":{},"name":"source_status_id_str","nullable":true,"type":"string"},{"metadata":{},"name":"type","nullable":true,"type":"string"},{"metadata":{},"name":"url","nullable":true,"type":"string"},{"metadata":{},"name":"video_info","nullable":true,"type":{"fields":[{"metadata":{},"name":"aspect_ratio","nullable":true,"type":{"containsNull":true,"elementType":"long","type":"array"}},{"metadata":{},"name":"duration_millis","nullable":true,"type":"long"},{"metadata":{},"name":"variants","nullable":true,"type":{"containsNull":true,"elementType":{"fields":[{"metadata":{},"name":"bitrate","nullable":true,"type":"long"},{"metadata":{},"name":"content_type","nullable":true,"type":"string"},{"metadata":{},"name":"url","nullable":true,"type":"string"}],"type":"struct"},"type":"array"}}],"type":"struct"}}],"type":"struct"},"type":"array"}}],"type":"struct"}},{"metadata":{},"name":"favorite_count","nullable":true,"type":"long"},{"metadata":{},"name":"favorited","nullable":true,"type":"boolean"},{"metadata":{},"name":"filter_level","nullable":true,"type":"string"},{"metadata":{},"name":"geo","nullable":true,"type":{"fields":[{"metadata":{},"name":"coordinates","nullable":true,"type":{"containsNull":true,"elementType":"double","type":"array"}},{"metadata":{},"name":"type","nullable":true,"type":"string"}],"type":"struct"}},{"metadata":{},"name":"id","nullable":true,"type":"long"},{"metadata":{},"name":"id_str","nullable":true,"type":"string"},{"metadata":{},"name":"in_reply_to_screen_name","nullable":true,"type":"string"},{"metadata":{},"name":"in_reply_to_status_id","nullable":true,"type":"long"},{"metadata":{},"name":"in_reply_to_status_id_str","nullable":true,"type":"string"},{"metadata":{},"name":"in_reply_to_user_id","nullable":true,"type":"long"},{"metadata":{},"name":"in_reply_to_user_id_str","nullable":true,"type":"string"},{"metadata":{},"name":"lang","nullable":true,"type":"string"},{"metadata":{},"name":"place","nullable":true,"type":{"fields":[{"metadata":{},"name":"attributes","nullable":true,"type":{"fields":[{"metadata":{},"name":"street_address","nullable":true,"type":"string"}],"type":"struct"}},{"metadata":{},"name":"bounding_box","nullable":true,"type":{"fields":[{"metadata":{},"name":"coordinates","nullable":true,"type":{"containsNull":true,"elementType":{"containsNull":true,"elementType":{"containsNull":true,"elementType":"double","type":"array"},"type":"array"},"type":"array"}},{"metadata":{},"name":"type","nullable":true,"type":"string"}],"type":"struct"}},{"metadata":{},"name":"country","nullable":true,"type":"string"},{"metadata":{},"name":"country_code","nullable":true,"type":"string"},{"metadata":{},"name":"full_name","nullable":true,"type":"string"},{"metadata":{},"name":"id","nullable":true,"type":"string"},{"metadata":{},"name":"name","nullable":true,"type":"string"},{"metadata":{},"name":"place_type","nullable":true,"type":"string"},{"metadata":{},"name":"url","nullable":true,"type":"string"}],"type":"struct"}},{"metadata":{},"name":"possibly_sensitive","nullable":true,"type":"boolean"},{"metadata":{},"name":"retweet_count","nullable":true,"type":"long"},{"metadata":{},"name":"retweeted","nullable":true,"type":"boolean"},{"metadata":{},"name":"retweeted_status","nullable":true,"type":{"fields":[{"metadata":{},"name":"contributors","nullable":true,"type":{"containsNull":true,"elementType":"long","type":"array"}},{"metadata":{},"name":"coordinates","nullable":true,"type":{"fields":[{"metadata":{},"name":"coordinates","nullable":true,"type":{"containsNull":true,"elementType":"double","type":"array"}},{"metadata":{},"name":"type","nullable":true,"type":"string"}],"type":"struct"}},{"metadata":{},"name":"created_at","nullable":true,"type":"string"},{"metadata":{},"name":"entities","nullable":true,"type":{"fields":[{"metadata":{},"name":"hashtags","nullable":true,"type":{"containsNull":true,"elementType":{"fields":[{"metadata":{},"name":"indices","nullable":true,"type":{"containsNull":true,"elementType":"long","type":"array"}},{"metadata":{},"name":"text","nullable":true,"type":"string"}],"type":"struct"},"type":"array"}},{"metadata":{},"name":"media","nullable":true,"type":{"containsNull":true,"elementType":{"fields":[{"metadata":{},"name":"display_url","nullable":true,"type":"string"},{"metadata":{},"name":"expanded_url","nullable":true,"type":"string"},{"metadata":{},"name":"id","nullable":true,"type":"long"},{"metadata":{},"name":"id_str","nullable":true,"type":"string"},{"metadata":{},"name":"indices","nullable":true,"type":{"containsNull":true,"elementType":"long","type":"array"}},{"metadata":{},"name":"media_url","nullable":true,"type":"string"},{"metadata":{},"name":"media_url_https","nullable":true,"type":"string"},{"metadata":{},"name":"sizes","nullable":true,"type":{"fields":[{"metadata":{},"name":"large","nullable":true,"type":{"fields":[{"metadata":{},"name":"h","nullable":true,"type":"long"},{"metadata":{},"name":"resize","nullable":true,"type":"string"},{"metadata":{},"name":"w","nullable":true,"type":"long"}],"type":"struct"}},{"metadata":{},"name":"medium","nullable":true,"type":{"fields":[{"metadata":{},"name":"h","nullable":true,"type":"long"},{"metadata":{},"name":"resize","nullable":true,"type":"string"},{"metadata":{},"name":"w","nullable":true,"type":"long"}],"type":"struct"}},{"metadata":{},"name":"small","nullable":true,"type":{"fields":[{"metadata":{},"name":"h","nullable":true,"type":"long"},{"metadata":{},"name":"resize","nullable":true,"type":"string"},{"metadata":{},"name":"w","nullable":true,"type":"long"}],"type":"struct"}},{"metadata":{},"name":"thumb","nullable":true,"type":{"fields":[{"metadata":{},"name":"h","nullable":true,"type":"long"},{"metadata":{},"name":"resize","nullable":true,"type":"string"},{"metadata":{},"name":"w","nullable":true,"type":"long"}],"type":"struct"}}],"type":"struct"}},{"metadata":{},"name":"source_status_id","nullable":true,"type":"long"},{"metadata":{},"name":"source_status_id_str","nullable":true,"type":"string"},{"metadata":{},"name":"type","nullable":true,"type":"string"},{"metadata":{},"name":"url","nullable":true,"type":"string"}],"type":"struct"},"type":"array"}},{"metadata":{},"name":"symbols","nullable":true,"type":{"containsNull":true,"elementType":{"fields":[{"metadata":{},"name":"indices","nullable":true,"type":{"containsNull":true,"elementType":"long","type":"array"}},{"metadata":{},"name":"text","nullable":true,"type":"string"}],"type":"struct"},"type":"array"}},{"metadata":{},"name":"trends","nullable":true,"type":{"containsNull":true,"elementType":"string","type":"array"}},{"metadata":{},"name":"urls","nullable":true,"type":{"containsNull":true,"elementType":{"fields":[{"metadata":{},"name":"display_url","nullable":true,"type":"string"},{"metadata":{},"name":"expanded_url","nullable":true,"type":"string"},{"metadata":{},"name":"indices","nullable":true,"type":{"containsNull":true,"elementType":"long","type":"array"}},{"metadata":{},"name":"url","nullable":true,"type":"string"}],"type":"struct"},"type":"array"}},{"metadata":{},"name":"user_mentions","nullable":true,"type":{"containsNull":true,"elementType":{"fields":[{"metadata":{},"name":"id","nullable":true,"type":"long"},{"metadata":{},"name":"id_str","nullable":true,"type":"string"},{"metadata":{},"name":"indices","nullable":true,"type":{"containsNull":true,"elementType":"long","type":"array"}},{"metadata":{},"name":"name","nullable":true,"type":"string"},{"metadata":{},"name":"screen_name","nullable":true,"type":"string"}],"type":"struct"},"type":"array"}}],"type":"struct"}},{"metadata":{},"name":"extended_entities","nullable":true,"type":{"fields":[{"metadata":{},"name":"media","nullable":true,"type":{"containsNull":true,"elementType":{"fields":[{"metadata":{},"name":"display_url","nullable":true,"type":"string"},{"metadata":{},"name":"expanded_url","nullable":true,"type":"string"},{"metadata":{},"name":"id","nullable":true,"type":"long"},{"metadata":{},"name":"id_str","nullable":true,"type":"string"},{"metadata":{},"name":"indices","nullable":true,"type":{"containsNull":true,"elementType":"long","type":"array"}},{"metadata":{},"name":"media_url","nullable":true,"type":"string"},{"metadata":{},"name":"media_url_https","nullable":true,"type":"string"},{"metadata":{},"name":"sizes","nullable":true,"type":{"fields":[{"metadata":{},"name":"large","nullable":true,"type":{"fields":[{"metadata":{},"name":"h","nullable":true,"type":"long"},{"metadata":{},"name":"resize","nullable":true,"type":"string"},{"metadata":{},"name":"w","nullable":true,"type":"long"}],"type":"struct"}},{"metadata":{},"name":"medium","nullable":true,"type":{"fields":[{"metadata":{},"name":"h","nullable":true,"type":"long"},{"metadata":{},"name":"resize","nullable":true,"type":"string"},{"metadata":{},"name":"w","nullable":true,"type":"long"}],"type":"struct"}},{"metadata":{},"name":"small","nullable":true,"type":{"fields":[{"metadata":{},"name":"h","nullable":true,"type":"long"},{"metadata":{},"name":"resize","nullable":true,"type":"string"},{"metadata":{},"name":"w","nullable":true,"type":"long"}],"type":"struct"}},{"metadata":{},"name":"thumb","nullable":true,"type":{"fields":[{"metadata":{},"name":"h","nullable":true,"type":"long"},{"metadata":{},"name":"resize","nullable":true,"type":"string"},{"metadata":{},"name":"w","nullable":true,"type":"long"}],"type":"struct"}}],"type":"struct"}},{"metadata":{},"name":"source_status_id","nullable":true,"type":"long"},{"metadata":{},"name":"source_status_id_str","nullable":true,"type":"string"},{"metadata":{},"name":"type","nullable":true,"type":"string"},{"metadata":{},"name":"url","nullable":true,"type":"string"},{"metadata":{},"name":"video_info","nullable":true,"type":{"fields":[{"metadata":{},"name":"aspect_ratio","nullable":true,"type":{"containsNull":true,"elementType":"long","type":"array"}},{"metadata":{},"name":"duration_millis","nullable":true,"type":"long"},{"metadata":{},"name":"variants","nullable":true,"type":{"containsNull":true,"elementType":{"fields":[{"metadata":{},"name":"bitrate","nullable":true,"type":"long"},{"metadata":{},"name":"content_type","nullable":true,"type":"string"},{"metadata":{},"name":"url","nullable":true,"type":"string"}],"type":"struct"},"type":"array"}}],"type":"struct"}}],"type":"struct"},"type":"array"}}],"type":"struct"}},{"metadata":{},"name":"favorite_count","nullable":true,"type":"long"},{"metadata":{},"name":"favorited","nullable":true,"type":"boolean"},{"metadata":{},"name":"filter_level","nullable":true,"type":"string"},{"metadata":{},"name":"geo","nullable":true,"type":{"fields":[{"metadata":{},"name":"coordinates","nullable":true,"type":{"containsNull":true,"elementType":"double","type":"array"}},{"metadata":{},"name":"type","nullable":true,"type":"string"}],"type":"struct"}},{"metadata":{},"name":"id","nullable":true,"type":"long"},{"metadata":{},"name":"id_str","nullable":true,"type":"string"},{"metadata":{},"name":"in_reply_to_screen_name","nullable":true,"type":"string"},{"metadata":{},"name":"in_reply_to_status_id","nullable":true,"type":"long"},{"metadata":{},"name":"in_reply_to_status_id_str","nullable":true,"type":"string"},{"metadata":{},"name":"in_reply_to_user_id","nullable":true,"type":"long"},{"metadata":{},"name":"in_reply_to_user_id_str","nullable":true,"type":"string"},{"metadata":{},"name":"lang","nullable":true,"type":"string"},{"metadata":{},"name":"place","nullable":true,"type":{"fields":[{"metadata":{},"name":"attributes","nullable":true,"type":{"fields":[{"metadata":{},"name":"street_address","nullable":true,"type":"string"}],"type":"struct"}},{"metadata":{},"name":"bounding_box","nullable":true,"type":{"fields":[{"metadata":{},"name":"coordinates","nullable":true,"type":{"containsNull":true,"elementType":{"containsNull":true,"elementType":{"containsNull":true,"elementType":"double","type":"array"},"type":"array"},"type":"array"}},{"metadata":{},"name":"type","nullable":true,"type":"string"}],"type":"struct"}},{"metadata":{},"name":"country","nullable":true,"type":"string"},{"metadata":{},"name":"country_code","nullable":true,"type":"string"},{"metadata":{},"name":"full_name","nullable":true,"type":"string"},{"metadata":{},"name":"id","nullable":true,"type":"string"},{"metadata":{},"name":"name","nullable":true,"type":"string"},{"metadata":{},"name":"place_type","nullable":true,"type":"string"},{"metadata":{},"name":"url","nullable":true,"type":"string"}],"type":"struct"}},{"metadata":{},"name":"possibly_sensitive","nullable":true,"type":"boolean"},{"metadata":{},"name":"retweet_count","nullable":true,"type":"long"},{"metadata":{},"name":"retweeted","nullable":true,"type":"boolean"},{"metadata":{},"name":"scopes","nullable":true,"type":{"fields":[{"metadata":{},"name":"followers","nullable":true,"type":"boolean"},{"metadata":{},"name":"place_ids","nullable":true,"type":{"containsNull":true,"elementType":"string","type":"array"}}],"type":"struct"}},{"metadata":{},"name":"source","nullable":true,"type":"string"},{"metadata":{},"name":"text","nullable":true,"type":"string"},{"metadata":{},"name":"truncated","nullable":true,"type":"boolean"},{"metadata":{},"name":"user","nullable":true,"type":{"fields":[{"metadata":{},"name":"contributors_enabled","nullable":true,"type":"boolean"},{"metadata":{},"name":"created_at","nullable":true,"type":"string"},{"metadata":{},"name":"default_profile","nullable":true,"type":"boolean"},{"metadata":{},"name":"default_profile_image","nullable":true,"type":"boolean"},{"metadata":{},"name":"description","nullable":true,"type":"string"},{"metadata":{},"name":"favourites_count","nullable":true,"type":"long"},{"metadata":{},"name":"follow_request_sent","nullable":true,"type":"string"},{"metadata":{},"name":"followers_count","nullable":true,"type":"long"},{"metadata":{},"name":"following","nullable":true,"type":"string"},{"metadata":{},"name":"friends_count","nullable":true,"type":"long"},{"metadata":{},"name":"geo_enabled","nullable":true,"type":"boolean"},{"metadata":{},"name":"id","nullable":true,"type":"long"},{"metadata":{},"name":"id_str","nullable":true,"type":"string"},{"metadata":{},"name":"is_translator","nullable":true,"type":"boolean"},{"metadata":{},"name":"lang","nullable":true,"type":"string"},{"metadata":{},"name":"listed_count","nullable":true,"type":"long"},{"metadata":{},"name":"location","nullable":true,"type":"string"},{"metadata":{},"name":"name","nullable":true,"type":"string"},{"metadata":{},"name":"notifications","nullable":true,"type":"string"},{"metadata":{},"name":"profile_background_color","nullable":true,"type":"string"},{"metadata":{},"name":"profile_background_image_url","nullable":true,"type":"string"},{"metadata":{},"name":"profile_background_image_url_https","nullable":true,"type":"string"},{"metadata":{},"name":"profile_background_tile","nullable":true,"type":"boolean"},{"metadata":{},"name":"profile_banner_url","nullable":true,"type":"string"},{"metadata":{},"name":"profile_image_url","nullable":true,"type":"string"},{"metadata":{},"name":"profile_image_url_https","nullable":true,"type":"string"},{"metadata":{},"name":"profile_link_color","nullable":true,"type":"string"},{"metadata":{},"name":"profile_sidebar_border_color","nullable":true,"type":"string"},{"metadata":{},"name":"profile_sidebar_fill_color","nullable":true,"type":"string"},{"metadata":{},"name":"profile_text_color","nullable":true,"type":"string"},{"metadata":{},"name":"profile_use_background_image","nullable":true,"type":"boolean"},{"metadata":{},"name":"protected","nullable":true,"type":"boolean"},{"metadata":{},"name":"screen_name","nullable":true,"type":"string"},{"metadata":{},"name":"statuses_count","nullable":true,"type":"long"},{"metadata":{},"name":"time_zone","nullable":true,"type":"string"},{"metadata":{},"name":"url","nullable":true,"type":"string"},{"metadata":{},"name":"utc_offset","nullable":true,"type":"long"},{"metadata":{},"name":"verified","nullable":true,"type":"boolean"}],"type":"struct"}},{"metadata":{},"name":"withheld_copyright","nullable":true,"type":"boolean"},{"metadata":{},"name":"withheld_in_countries","nullable":true,"type":{"containsNull":true,"elementType":"string","type":"array"}}],"type":"struct"}},{"metadata":{},"name":"scopes","nullable":true,"type":{"fields":[{"metadata":{},"name":"place_ids","nullable":true,"type":{"containsNull":true,"elementType":"string","type":"array"}}],"type":"struct"}},{"metadata":{},"name":"source","nullable":true,"type":"string"},{"metadata":{},"name":"status_withheld","nullable":true,"type":{"fields":[{"metadata":{},"name":"id","nullable":true,"type":"long"},{"metadata":{},"name":"timestamp_ms","nullable":true,"type":"string"},{"metadata":{},"name":"user_id","nullable":true,"type":"long"},{"metadata":{},"name":"withheld_in_countries","nullable":true,"type":{"containsNull":true,"elementType":"string","type":"array"}}],"type":"struct"}},{"metadata":{},"name":"text","nullable":true,"type":"string"},{"metadata":{},"name":"timestamp_ms","nullable":true,"type":"string"},{"metadata":{},"name":"truncated","nullable":true,"type":"boolean"},{"metadata":{},"name":"user","nullable":true,"type":{"fields":[{"metadata":{},"name":"contributors_enabled","nullable":true,"type":"boolean"},{"metadata":{},"name":"created_at","nullable":true,"type":"string"},{"metadata":{},"name":"default_profile","nullable":true,"type":"boolean"},{"metadata":{},"name":"default_profile_image","nullable":true,"type":"boolean"},{"metadata":{},"name":"description","nullable":true,"type":"string"},{"metadata":{},"name":"favourites_count","nullable":true,"type":"long"},{"metadata":{},"name":"follow_request_sent","nullable":true,"type":"string"},{"metadata":{},"name":"followers_count","nullable":true,"type":"long"},{"metadata":{},"name":"following","nullable":true,"type":"string"},{"metadata":{},"name":"friends_count","nullable":true,"type":"long"},{"metadata":{},"name":"geo_enabled","nullable":true,"type":"boolean"},{"metadata":{},"name":"id","nullable":true,"type":"long"},{"metadata":{},"name":"id_str","nullable":true,"type":"string"},{"metadata":{},"name":"is_translator","nullable":true,"type":"boolean"},{"metadata":{},"name":"lang","nullable":true,"type":"string"},{"metadata":{},"name":"listed_count","nullable":true,"type":"long"},{"metadata":{},"name":"location","nullable":true,"type":"string"},{"metadata":{},"name":"name","nullable":true,"type":"string"},{"metadata":{},"name":"notifications","nullable":true,"type":"string"},{"metadata":{},"name":"profile_background_color","nullable":true,"type":"string"},{"metadata":{},"name":"profile_background_image_url","nullable":true,"type":"string"},{"metadata":{},"name":"profile_background_image_url_https","nullable":true,"type":"string"},{"metadata":{},"name":"profile_background_tile","nullable":true,"type":"boolean"},{"metadata":{},"name":"profile_banner_url","nullable":true,"type":"string"},{"metadata":{},"name":"profile_image_url","nullable":true,"type":"string"},{"metadata":{},"name":"profile_image_url_https","nullable":true,"type":"string"},{"metadata":{},"name":"profile_link_color","nullable":true,"type":"string"},{"metadata":{},"name":"profile_sidebar_border_color","nullable":true,"type":"string"},{"metadata":{},"name":"profile_sidebar_fill_color","nullable":true,"type":"string"},{"metadata":{},"name":"profile_text_color","nullable":true,"type":"string"},{"metadata":{},"name":"profile_use_background_image","nullable":true,"type":"boolean"},{"metadata":{},"name":"protected","nullable":true,"type":"boolean"},{"metadata":{},"name":"screen_name","nullable":true,"type":"string"},{"metadata":{},"name":"statuses_count","nullable":true,"type":"long"},{"metadata":{},"name":"time_zone","nullable":true,"type":"string"},{"metadata":{},"name":"url","nullable":true,"type":"string"},{"metadata":{},"name":"utc_offset","nullable":true,"type":"long"},{"metadata":{},"name":"verified","nullable":true,"type":"boolean"}],"type":"struct"}},{"metadata":{},"name":"withheld_copyright","nullable":true,"type":"boolean"},{"metadata":{},"name":"withheld_in_countries","nullable":true,"type":{"containsNull":true,"elementType":"string","type":"array"}}],"type":"struct"}